CO_ANO,CO_MES,CO_NCM,CO_UNID,CO_PAIS,SG_UF_NCM,CO_VIA,CO_URF,QT_ESTAT,KG_LIQUIDO,VL_FOB,commodity,country_code,country,mts,year,month,date
2010,2,10019090,10,239,PR,1,917800,18576500,20075000,3036950,WHEAT,ECU,Ecuador,20075.0,2010,2,2010-02-01
2010,12,10019090,10,623,RS,1,1017700,36750,36750000,9812250,WHEAT,KEN,Kenya,36750.0,2010,12,2010-12-01
2010,11,10019090,10,770,PA,1,217602,45,230,288,WHEAT,SUR,Suriname,0.23,2010,11,2010-11-01
2010,2,10019010,10,372,PR,1,917800,4000000,4000000,611000,WHEAT,IRN,Iran,4000.0,2010,2,2010-02-01
2010,9,10019090,10,607,SP,1,817800,200,1200,1360,WHEAT,PRT,Portugal,1.2,2010,9,2010-09-01
2010,10,10019090,10,770,PA,1,217602,20,106,104,WHEAT,SUR,Suriname,0.106,2010,10,2010-10-01
2010,4,10019090,10,586,PR,7,145300,58,580,378,WHEAT,PRY,Paraguay,0.58,2010,4,2010-04-01
2010,1,10019090,10,756,RS,1,1017700,0,32127068,5606173,WHEAT,ZAF,South Africa,32127.068,2010,1,2010-01-01
2010,8,10011010,10,586,RS,7,910600,0,24000,22215,WHEAT,PRY,Paraguay,24.0,2010,8,2010-08-01
2010,12,10019090,10,586,PR,7,145300,10,118,87,WHEAT,PRY,Paraguay,0.118,2010,12,2010-12-01
2010,3,10019090,10,858,PR,1,917800,74690216,74861615,11786592,WHEAT,VNM,Vietnam,74861.615,2010,3,2010-03-01
2010,6,10011010,10,586,SC,7,910600,0,38200,29796,WHEAT,PRY,Paraguay,38.2,2010,6,2010-06-01
2010,11,10011090,10,586,SP,7,145300,24,6,59,WHEAT,PRY,Paraguay,0.006,2010,11,2010-11-01
2010,5,10019090,10,607,SP,1,817800,0,1200,1364,WHEAT,PRT,Portugal,1.2,2010,5,2010-05-01
2010,10,10019090,10,586,RE,7,910600,0,175960,36644,WHEAT,PRY,Paraguay,175.96,2010,10,2010-10-01
2010,10,10019090,10,586,PR,7,145300,15,100,128,WHEAT,PRY,Paraguay,0.1,2010,10,2010-10-01
2010,4,10019090,10,267,RS,1,1017700,0,3321616,431810,WHEAT,PHL,Philippines,3321.616,2010,4,2010-04-01
2010,11,10019090,10,127,PR,1,817800,0,300,217,WHEAT,CPV,Cape Verde,0.3,2010,11,2010-11-01
2010,2,10019090,10,858,SP,1,917800,20508830,20508830,3178869,WHEAT,VNM,Vietnam,20508.83,2010,2,2010-02-01
2010,4,10019090,10,249,RS,1,1017700,0,80778384,12737114,WHEAT,USA,United States,80778.384,2010,4,2010-04-01
2010,12,10019090,10,820,RS,1,1017700,27251,27251000,7357770,WHEAT,TUN,Tunisia,27251.0,2010,12,2010-12-01
2010,3,10019090,10,077,RS,1,1017700,3000,3000000,480000,WHEAT,BHS,Bahamas,3000.0,2010,3,2010-03-01
2010,4,10019090,10,267,PR,1,917800,100361910,103213875,15358072,WHEAT,PHL,Philippines,103213.875,2010,4,2010-04-01
2010,3,10019090,10,586,PR,7,145300,60,150,289,WHEAT,PRY,Paraguay,0.15,2010,3,2010-03-01
2010,9,10019090,10,586,PR,7,145300,80,445,427,WHEAT,PRY,Paraguay,0.445,2010,9,2010-09-01
2010,12,10019090,10,770,PA,1,217602,180,941,917,WHEAT,SUR,Suriname,0.941,2010,12,2010-12-01
2010,1,10019090,10,249,PR,1,917800,33670000,33670000,4949494,WHEAT,USA,United States,33670.0,2010,1,2010-01-01
2010,3,10019090,10,858,SP,1,917800,17628209,17916950,2786044,WHEAT,VNM,Vietnam,17916.95,2010,3,2010-03-01
2010,4,10011010,10,586,PR,7,910652,0,55000,53790,WHEAT,PRY,Paraguay,55.0,2010,4,2010-04-01
2010,2,10019090,10,372,PR,1,917800,5500000,5500000,848000,WHEAT,IRN,Iran,5500.0,2010,2,2010-02-01
2010,3,10019090,10,756,RS,1,1017700,31000,80500000,14172001,WHEAT,ZAF,South Africa,80500.0,2010,3,2010-03-01
2010,12,10019090,10,438,RS,1,1017700,48641,48639855,13749462,WHEAT,LBY,Libya,48639.855,2010,12,2010-12-01
2010,2,10019090,10,776,PR,1,917800,35787695,40782695,6428666,WHEAT,THA,Thailand,40782.695,2010,2,2010-02-01
2010,3,10019090,10,190,PR,1,917800,43266948,43266948,6263906,WHEAT,KOR,South Korea,43266.948,2010,3,2010-03-01
2010,3,10019090,10,858,RS,1,1017700,0,45219458,6330724,WHEAT,VNM,Vietnam,45219.458,2010,3,2010-03-01
2010,7,10019090,10,586,PR,7,145300,40,230,210,WHEAT,PRY,Paraguay,0.23,2010,7,2010-07-01
2010,2,10019090,10,249,PR,1,917800,48300000,48300000,7583098,WHEAT,USA,United States,48300.0,2010,2,2010-02-01
2010,4,10019090,10,858,PR,1,917800,43227791,48222791,7517586,WHEAT,VNM,Vietnam,48222.791,2010,4,2010-04-01
2010,2,10019090,10,776,SP,1,917800,5004491,9491170,1471131,WHEAT,THA,Thailand,9491.17,2010,2,2010-02-01
2010,3,10019090,10,169,PR,1,917800,11426652,11483595,1718060,WHEAT,COL,Colombia,11483.595,2010,3,2010-03-01
2010,8,10019090,10,249,PR,1,917800,1977300,1977300,304504,WHEAT,USA,United States,1977.3,2010,8,2010-08-01
2010,5,10019090,10,249,PR,1,917800,42695736,43694736,7756019,WHEAT,USA,United States,43694.736,2010,5,2010-05-01
2010,3,10019090,10,267,RS,1,1017700,23000,23000000,3363750,WHEAT,PHL,Philippines,23000.0,2010,3,2010-03-01
2010,4,10019090,10,190,RS,1,1017700,50000,50000000,7250000,WHEAT,KOR,South Korea,50000.0,2010,4,2010-04-01
2010,3,10011090,10,858,RS,1,1017700,4000,4000000,560000,WHEAT,VNM,Vietnam,4000.0,2010,3,2010-03-01
2010,3,10019090,10,586,PR,9,145300,0,25,27,WHEAT,PRY,Paraguay,0.025,2010,3,2010-03-01
2010,1,10019010,10,267,PR,1,917800,3100000,3100000,468100,WHEAT,PHL,Philippines,3100.0,2010,1,2010-01-01
2010,3,10019090,10,505,RS,1,1017700,0,14000000,2436000,WHEAT,MOZ,Mozambique,14000.0,2010,3,2010-03-01
2010,4,10019090,10,267,SP,1,917800,11266550,11266550,1675347,WHEAT,PHL,Philippines,11266.55,2010,4,2010-04-01
2010,5,10019090,10,169,PR,1,917800,27300000,27300000,3276000,WHEAT,COL,Colombia,27300.0,2010,5,2010-05-01
2010,11,10019090,10,586,PR,7,145300,10,90,92,WHEAT,PRY,Paraguay,0.09,2010,11,2010-11-01
2010,3,10019090,10,239,PR,1,917800,300,300000,45600,WHEAT,ECU,Ecuador,300.0,2010,3,2010-03-01
2010,5,10011010,10,097,PR,7,145200,0,2000,2050,WHEAT,BOL,Bolivia,2.0,2010,5,2010-05-01
2010,5,10019090,10,249,SP,1,917800,2555754,2555754,456202,WHEAT,USA,United States,2555.754,2010,5,2010-05-01
2010,2,10019090,10,858,PR,1,917800,30000000,30000000,4650000,WHEAT,VNM,Vietnam,30000.0,2010,2,2010-02-01
2010,4,10019090,10,756,RS,1,1017700,8500,22500000,3609000,WHEAT,ZAF,South Africa,22500.0,2010,4,2010-04-01
2010,11,10019090,10,361,RS,1,1017700,3500,3500000,980000,WHEAT,IND,India,3500.0,2010,11,2010-11-01
2010,1,10019090,10,267,PR,1,917800,72623718,85475162,13416663,WHEAT,PHL,Philippines,85475.162,2010,1,2010-01-01
2010,1,10019090,10,372,PR,1,917800,47185850,47185850,7320177,WHEAT,IRN,Iran,47185.85,2010,1,2010-01-01
2010,11,10019090,10,586,ND,7,910600,0,29880,6932,WHEAT,PRY,Paraguay,29.88,2010,11,2010-11-01
2010,8,10019090,10,586,PR,7,145300,10,90,79,WHEAT,PRY,Paraguay,0.09,2010,8,2010-08-01
2010,11,10019090,10,240,RS,1,1017700,57300,57300000,16033000,WHEAT,EGY,Egypt,57300.0,2010,11,2010-11-01
2010,12,10011010,10,586,PR,7,910600,0,38240,30780,WHEAT,PRY,Paraguay,38.24,2010,12,2010-12-01
2010,3,10019090,10,249,RS,1,1017700,0,57684926,8604596,WHEAT,USA,United States,57684.926,2010,3,2010-03-01
2011,3,10019090,10,474,SC,1,927700,9502704,9502704,3006369,WHEAT,MAR,Morocco,9502.704,2011,3,2011-03-01
2011,11,10011090,10,097,PR,9,250151,23,23,97,WHEAT,BOL,Bolivia,0.023,2011,11,2011-11-01
2011,2,10019090,10,438,PR,1,927700,20700000,20700000,6033100,WHEAT,LBY,Libya,20700.0,2011,2,2011-02-01
2011,3,10011090,10,127,SP,1,817800,240,240,174,WHEAT,CPV,Cape Verde,0.24,2011,3,2011-03-01
2011,5,10019090,10,623,RS,1,1017700,24695,24695000,7437020,WHEAT,KEN,Kenya,24695.0,2011,5,2011-05-01
2011,2,10019090,10,505,PR,1,917800,38504930,38504930,11166430,WHEAT,MOZ,Mozambique,38504.93,2011,2,2011-02-01
2011,5,10011010,10,845,RS,7,1015600,0,28000,15120,WHEAT,URY,Uruguay,28.0,2011,5,2011-05-01
2011,5,10019090,10,253,RS,1,1017700,15700305,16005000,5044625,WHEAT,ETH,Ethiopia,16005.0,2011,5,2011-05-01
2011,1,10019090,10,059,SC,1,927700,350,350000,94850,WHEAT,DZA,Algeria,350.0,2011,1,2011-01-01
2011,4,10019090,10,357,ND,1,1017700,4500000,4500000,1273500,WHEAT,YEM,Yemen,4500.0,2011,4,2011-04-01
2011,6,10019090,10,756,PR,1,917800,32951130,32951130,11084354,WHEAT,ZAF,South Africa,32951.13,2011,6,2011-06-01
2011,2,10019090,10,820,PR,1,917800,24749355,24749355,6944074,WHEAT,TUN,Tunisia,24749.355,2011,2,2011-02-01
2011,5,10019090,10,053,ND,1,1017700,4500000,4500000,1429500,WHEAT,SAU,Saudi Arabia,4500.0,2011,5,2011-05-01
2011,4,10019090,10,474,RS,1,1017700,11804,11804427,3726782,WHEAT,MAR,Morocco,11804.427,2011,4,2011-04-01
2011,4,10019090,10,464,RS,1,1017700,8800000,8800000,2737858,WHEAT,MLI,Mali,8800.0,2011,4,2011-04-01
2011,2,10019090,10,081,RS,1,1017700,36505000,41500000,11660750,WHEAT,BGD,Bangladesh,41500.0,2011,2,2011-02-01
2011,2,10019090,10,081,ND,1,1017700,7000000,7000000,1981000,WHEAT,BGD,Bangladesh,7000.0,2011,2,2011-02-01
2011,2,10019090,10,607,SP,1,817800,150,900,952,WHEAT,PRT,Portugal,0.9,2011,2,2011-02-01
2011,5,10011010,10,586,PR,7,910600,0,20010,15978,WHEAT,PRY,Paraguay,20.01,2011,5,2011-05-01
2011,12,10011090,10,040,SP,1,817800,2400,2400,1664,WHEAT,AGO,Angola,2.4,2011,12,2011-12-01
2011,1,10019090,10,827,RS,1,1017700,31671,31671483,9315087,WHEAT,TUR,Turkey,31671.483,2011,1,2011-01-01
2011,4,10011010,10,586,PR,7,910652,73000,73000,91950,WHEAT,PRY,Paraguay,73.0,2011,4,2011-04-01
2011,2,10019090,10,438,SC,1,927700,2902400,5300000,1521850,WHEAT,LBY,Libya,5300.0,2011,2,2011-02-01
2011,4,10019090,10,780,RS,1,1017700,2000000,2000000,566000,WHEAT,TZA,Tanzania,2000.0,2011,4,2011-04-01
2011,2,10019090,10,438,PR,1,1017700,25842,25850000,6824407,WHEAT,LBY,Libya,25850.0,2011,2,2011-02-01
2011,5,10019090,10,756,PR,1,1017700,241,241487,72084,WHEAT,ZAF,South Africa,241.487,2011,5,2011-05-01
2011,1,10011090,10,827,RS,1,1017700,0,6000000,1722000,WHEAT,TUR,Turkey,6000.0,2011,1,2011-01-01
2011,4,10019090,10,623,RS,1,1017700,3000000,3000000,1050000,WHEAT,KEN,Kenya,3000.0,2011,4,2011-04-01
2011,2,10019090,10,059,RS,1,1017700,38518390,58890150,17045741,WHEAT,DZA,Algeria,58890.15,2011,2,2011-02-01
2011,10,10011090,10,127,SP,1,817800,120,120,83,WHEAT,CPV,Cape Verde,0.12,2011,10,2011-10-01
2011,2,10019090,10,623,RS,1,1017700,35000000,35000000,9975000,WHEAT,KEN,Kenya,35000.0,2011,2,2011-02-01
2011,3,10019090,10,556,RS,1,1017700,19350000,19350000,5446300,WHEAT,OMN,Oman,19350.0,2011,3,2011-03-01
2011,3,10019090,10,059,MS,1,927700,3486000,3486000,1075431,WHEAT,DZA,Algeria,3486.0,2011,3,2011-03-01
2011,3,10019010,10,059,PR,1,917800,3000000,3000000,870000,WHEAT,DZA,Algeria,3000.0,2011,3,2011-03-01
2011,1,10019090,10,759,PR,1,917800,33334720,33334720,9167049,WHEAT,SDN,Sudan,33334.72,2011,1,2011-01-01
2011,3,10019090,10,240,PR,1,1017700,21250,21250000,6120000,WHEAT,EGY,Egypt,21250.0,2011,3,2011-03-01
2011,2,10019090,10,474,SC,1,917800,357932,7350932,2079033,WHEAT,MAR,Morocco,7350.932,2011,2,2011-02-01
2011,2,10019090,10,160,RS,1,1017700,6000000,6000000,1830000,WHEAT,CHN,China,6000.0,2011,2,2011-02-01
2011,3,10019090,10,081,PR,1,917800,49654320,50653320,14563348,WHEAT,BGD,Bangladesh,50653.32,2011,3,2011-03-01
2011,3,10019090,10,059,SC,1,927700,1296000,1296000,399816,WHEAT,DZA,Algeria,1296.0,2011,3,2011-03-01
2011,4,10019090,10,244,RS,1,1017700,40922500,40922500,13036538,WHEAT,ARE,United Arab Emirates,40922.5,2011,4,2011-04-01
2011,4,10019090,10,756,RS,1,1017700,34649,34650000,10847550,WHEAT,ZAF,South Africa,34650.0,2011,4,2011-04-01
2011,4,10019090,10,438,PR,1,1017700,3078,3077500,960180,WHEAT,LBY,Libya,3077.5,2011,4,2011-04-01
2011,5,10019090,10,756,RS,1,1017700,23009,23008513,6868040,WHEAT,ZAF,South Africa,23008.513,2011,5,2011-05-01
2011,12,10011090,10,097,PR,9,250151,11,11,46,WHEAT,BOL,Bolivia,0.011,2011,12,2011-12-01
2011,3,10019090,10,059,SC,1,917800,160676,11401723,3355983,WHEAT,DZA,Algeria,11401.723,2011,3,2011-03-01
2011,1,10019090,10,438,RS,1,1017700,7000,25000000,6989001,WHEAT,LBY,Libya,25000.0,2011,1,2011-01-01
2011,7,10011090,10,040,SP,1,817800,720,720,499,WHEAT,AGO,Angola,0.72,2011,7,2011-07-01
2011,2,10019090,10,059,SC,1,927700,89327,838577,259203,WHEAT,DZA,Algeria,838.577,2011,2,2011-02-01
2011,3,10019090,10,365,RS,1,1017700,22500000,22500000,6383750,WHEAT,IDN,Indonesia,22500.0,2011,3,2011-03-01
2011,4,10019090,10,820,RS,1,1017700,3773750,27500000,9547813,WHEAT,TUN,Tunisia,27500.0,2011,4,2011-04-01
2011,4,10019090,10,357,RS,1,1017700,25102,25100000,8006902,WHEAT,YEM,Yemen,25100.0,2011,4,2011-04-01
2011,2,10019090,10,357,RS,1,1017700,15875000,15875000,4524375,WHEAT,YEM,Yemen,15875.0,2011,2,2011-02-01
2011,1,10019090,10,623,PR,1,917800,18946475,18946475,5166700,WHEAT,KEN,Kenya,18946.475,2011,1,2011-01-01
2011,3,10019090,10,059,PR,1,917800,55715621,63707621,19072754,WHEAT,DZA,Algeria,63707.621,2011,3,2011-03-01
2011,1,10019090,10,160,RS,1,1017700,12000,12000000,3300000,WHEAT,CHN,China,12000.0,2011,1,2011-01-01
2011,3,10019090,10,190,RS,1,1017700,300,300000,84000,WHEAT,KOR,South Korea,300.0,2011,3,2011-03-01
2011,3,10019090,10,528,RS,1,1017700,18000000,18000000,5620000,WHEAT,NGA,Nigeria,18000.0,2011,3,2011-03-01
2011,11,10019090,10,586,SP,7,145300,5,40,41,WHEAT,PRY,Paraguay,0.04,2011,11,2011-11-01
2011,2,10019090,10,474,PR,1,917800,17239433,17239433,4837577,WHEAT,MAR,Morocco,17239.433,2011,2,2011-02-01
2011,8,10019090,10,586,PR,7,145300,10,100,96,WHEAT,PRY,Paraguay,0.1,2011,8,2011-08-01
2011,8,10019090,10,607,SP,1,817800,900,900,1048,WHEAT,PRT,Portugal,0.9,2011,8,2011-08-01
2011,3,10019090,10,474,SC,1,917800,117220,117220,32411,WHEAT,MAR,Morocco,117.22,2011,3,2011-03-01
2011,9,10011090,10,097,PR,9,250151,25,25,109,WHEAT,BOL,Bolivia,0.025,2011,9,2011-09-01
2011,6,10019090,10,053,PR,1,917800,31500000,31500000,10942500,WHEAT,SAU,Saudi Arabia,31500.0,2011,6,2011-06-01
2011,5,10019090,10,528,RS,1,1017700,5440267,6867786,2225163,WHEAT,NGA,Nigeria,6867.786,2011,5,2011-05-01
2011,4,10019090,10,474,PR,1,1017700,2246,2245573,700619,WHEAT,MAR,Morocco,2245.573,2011,4,2011-04-01
2011,2,10019090,10,759,PR,1,917800,656480,656480,180532,WHEAT,SDN,Sudan,656.48,2011,2,2011-02-01
2011,4,10019090,10,628,MG,1,717600,20,200,246,WHEAT,GBR,United Kingdom,0.2,2011,4,2011-04-01
2011,1,10019090,10,059,ND,1,1017700,7000000,7000000,1981000,WHEAT,DZA,Algeria,7000.0,2011,1,2011-01-01
2011,5,10019090,10,053,RS,1,1017700,18318670,36969730,11520911,WHEAT,SAU,Saudi Arabia,36969.73,2011,5,2011-05-01
2011,5,10019090,10,820,RS,1,1017700,11266250,27500000,9091250,WHEAT,TUN,Tunisia,27500.0,2011,5,2011-05-01
2011,12,10019090,10,607,SP,1,817800,1500,1500,1821,WHEAT,PRT,Portugal,1.5,2011,12,2011-12-01
2011,5,10019090,10,357,ND,1,1017700,4000000,4000000,1132000,WHEAT,YEM,Yemen,4000.0,2011,5,2011-05-01
2011,1,10019090,10,505,SC,1,917800,1375000,1375000,411125,WHEAT,MOZ,Mozambique,1375.0,2011,1,2011-01-01
2011,1,10019090,10,059,RS,1,1017700,13839769,160557905,44491279,WHEAT,DZA,Algeria,160557.905,2011,1,2011-01-01
2011,1,10019090,10,623,RS,1,1017700,15762,15761694,4334466,WHEAT,KEN,Kenya,15761.694,2011,1,2011-01-01
2011,4,10019090,10,059,RS,1,1017700,24038941,62941782,18533420,WHEAT,DZA,Algeria,62941.782,2011,4,2011-04-01
2011,6,10019090,10,586,PR,7,145300,21,475,191,WHEAT,PRY,Paraguay,0.475,2011,6,2011-06-01
2011,3,10019090,10,240,RS,1,1017700,49819153,50448672,14929437,WHEAT,EGY,Egypt,50448.672,2011,3,2011-03-01
2011,3,10019090,10,059,PR,1,927700,25807986,25807986,7961765,WHEAT,DZA,Algeria,25807.986,2011,3,2011-03-01
2011,2,10019090,10,244,RS,1,1017700,17568,20567000,6078605,WHEAT,ARE,United Arab Emirates,20567.0,2011,2,2011-02-01
2011,7,10019090,10,586,SP,7,145300,105,30,262,WHEAT,PRY,Paraguay,0.03,2011,7,2011-07-01
2011,3,10019090,10,474,PR,1,917800,592989,592989,163962,WHEAT,MAR,Morocco,592.989,2011,3,2011-03-01
2011,5,10019090,10,357,RS,1,1017700,61077868,61445310,17793306,WHEAT,YEM,Yemen,61445.31,2011,5,2011-05-01
2011,5,10011010,10,097,PR,7,145200,0,2000,2488,WHEAT,BOL,Bolivia,2.0,2011,5,2011-05-01
2011,3,10019090,10,059,RS,1,1017700,163281380,194628380,56572035,WHEAT,DZA,Algeria,194628.38,2011,3,2011-03-01
2011,11,10011010,10,040,PR,1,927700,14400,14400,16762,WHEAT,AGO,Angola,14.4,2011,11,2011-11-01
2011,1,10019090,10,820,RS,1,1017700,26250,26250000,7323750,WHEAT,TUN,Tunisia,26250.0,2011,1,2011-01-01
2011,2,10019090,10,438,RS,1,1017700,2500000,2500000,737500,WHEAT,LBY,Libya,2500.0,2011,2,2011-02-01
2011,1,10019090,10,505,PR,1,917800,1900000,1900000,568100,WHEAT,MOZ,Mozambique,1900.0,2011,1,2011-01-01
2011,3,10019090,10,383,RS,1,1017700,27500000,27500000,8387500,WHEAT,ISR,Israel,27500.0,2011,3,2011-03-01
2011,3,10019090,10,623,PR,1,917800,35995070,35995070,11548570,WHEAT,KEN,Kenya,35995.07,2011,3,2011-03-01
2011,2,10019090,10,240,RS,1,1017700,49700000,62700000,18000000,WHEAT,EGY,Egypt,62700.0,2011,2,2011-02-01
2011,1,10019090,10,059,PR,1,927700,21650000,21650000,6280350,WHEAT,DZA,Algeria,21650.0,2011,1,2011-01-01
2011,4,10019090,10,623,PR,1,917800,6000000,6000000,1726000,WHEAT,KEN,Kenya,6000.0,2011,4,2011-04-01
2011,3,10019090,10,438,PR,1,917800,30000000,30000000,8730000,WHEAT,LBY,Libya,30000.0,2011,3,2011-03-01
2011,12,10019090,10,586,SP,7,145300,4,40,33,WHEAT,PRY,Paraguay,0.04,2011,12,2011-12-01
2011,1,10019090,10,820,PR,1,917800,23450000,23450000,6401850,WHEAT,TUN,Tunisia,23450.0,2011,1,2011-01-01
2011,4,10019090,10,240,RS,1,1017700,51554,51552983,16158211,WHEAT,EGY,Egypt,51552.983,2011,4,2011-04-01
2011,5,10019090,10,059,RS,1,1017700,27080,27080000,9117227,WHEAT,DZA,Algeria,27080.0,2011,5,2011-05-01
2011,11,10019090,10,586,PR,7,145300,12,106,106,WHEAT,PRY,Paraguay,0.106,2011,11,2011-11-01
2011,3,10019090,10,474,PR,1,927700,17997296,17997296,5766134,WHEAT,MAR,Morocco,17997.296,2011,3,2011-03-01
2011,10,10011090,10,097,PR,9,250151,22,22,90,WHEAT,BOL,Bolivia,0.022,2011,10,2011-10-01
2011,4,10019090,10,827,PR,1,917800,54758571,54758571,16484900,WHEAT,TUR,Turkey,54758.571,2011,4,2011-04-01
2011,3,10019090,10,081,RS,1,1017700,36178880,36178880,10396348,WHEAT,BGD,Bangladesh,36178.88,2011,3,2011-03-01
2011,4,10019090,10,177,RS,1,1017700,8065,8064374,2459634,WHEAT,COG,Congo,8064.374,2011,4,2011-04-01
2011,6,10019090,10,053,SP,1,917800,16190330,16190330,4776147,WHEAT,SAU,Saudi Arabia,16190.33,2011,6,2011-06-01
2011,2,10019090,10,059,PR,1,917800,10000000,10000000,3150000,WHEAT,DZA,Algeria,10000.0,2011,2,2011-02-01
2011,2,10019090,10,744,PR,1,927700,26500000,26500000,7423886,WHEAT,SYR,Syria,26500.0,2011,2,2011-02-01
2011,5,10011090,10,607,SC,1,927800,0,3000,3180,WHEAT,PRT,Portugal,3.0,2011,5,2011-05-01
2011,3,10019090,10,827,PR,1,917800,5585629,5585629,1621973,WHEAT,TUR,Turkey,5585.629,2011,3,2011-03-01
2011,3,10019090,10,820,RS,1,1017700,24774498,49250000,14575978,WHEAT,TUN,Tunisia,49250.0,2011,3,2011-03-01
2011,3,10019090,10,827,RS,1,1017700,50036794,56030794,18451742,WHEAT,TUR,Turkey,56030.794,2011,3,2011-03-01
2011,6,10011010,10,063,RS,7,1010900,0,440,559,WHEAT,ARG,Argentina,0.44,2011,6,2011-06-01
2011,4,10019090,10,177,SC,1,1017700,34,34039,10382,WHEAT,COG,Congo,34.039,2011,4,2011-04-01
2011,5,10019090,10,623,PR,1,917800,8053525,8053525,2291799,WHEAT,KEN,Kenya,8053.525,2011,5,2011-05-01
2011,12,10019090,10,586,PR,7,145300,66,660,321,WHEAT,PRY,Paraguay,0.66,2011,12,2011-12-01
2011,6,10019090,10,623,SP,1,917800,10000000,10000000,2950000,WHEAT,KEN,Kenya,10000.0,2011,6,2011-06-01
2011,6,10019090,10,059,RS,1,1017700,27500,27500000,9189851,WHEAT,DZA,Algeria,27500.0,2011,6,2011-06-01
2011,4,10019090,10,177,PR,1,1017700,2,1587,484,WHEAT,COG,Congo,1.587,2011,4,2011-04-01
2011,1,10019090,10,750,PR,1,917800,21300000,21300000,6155700,WHEAT,LKA,Sri Lanka,21300.0,2011,1,2011-01-01
2011,3,10019090,10,528,PR,1,1017700,9152,9151730,3020071,WHEAT,NGA,Nigeria,9151.73,2011,3,2011-03-01
2011,4,10019090,10,474,SP,1,1017700,18950000,18950000,5590250,WHEAT,MAR,Morocco,18950.0,2011,4,2011-04-01
2011,2,10019090,10,059,PR,1,927700,25411423,25411423,7445548,WHEAT,DZA,Algeria,25411.423,2011,2,2011-02-01
2011,12,10019090,10,528,RS,1,1017700,1000000,1000000,302000,WHEAT,NGA,Nigeria,1000.0,2011,12,2011-12-01
2012,3,10019900,10,386,RS,1,1017700,1038955,1038955,280518,WHEAT,ITA,Italy,1038.955,2012,3,2012-03-01
2012,2,10019900,10,505,RS,1,1017700,23714000,23714000,5273370,WHEAT,MOZ,Mozambique,23714.0,2012,2,2012-02-01
2012,3,10011900,10,438,PR,1,917800,6330,6330,1288,WHEAT,LBY,Libya,6.33,2012,3,2012-03-01
2012,3,10019900,10,244,SC,1,1017700,1000000,1000000,263000,WHEAT,ARE,United Arab Emirates,1000.0,2012,3,2012-03-01
2012,4,10019900,10,244,RS,1,1017700,163322943,163322943,42897471,WHEAT,ARE,United Arab Emirates,163322.943,2012,4,2012-04-01
2012,4,10019900,10,759,PR,1,917800,10441762,10441762,2244979,WHEAT,SDN,Sudan,10441.762,2012,4,2012-04-01
2012,3,10011900,10,586,PR,7,145300,220,220,232,WHEAT,PRY,Paraguay,0.22,2012,3,2012-03-01
2012,7,10019900,10,756,RS,1,1017700,13604425,13604425,3451388,WHEAT,ZAF,South Africa,13604.425,2012,7,2012-07-01
2012,9,10019900,10,528,RS,1,1017700,26750000,26750000,7969500,WHEAT,NGA,Nigeria,26750.0,2012,9,2012-09-01
2012,3,10019900,10,240,RS,1,1017700,18036000,18036000,3962920,WHEAT,EGY,Egypt,18036.0,2012,3,2012-03-01
2012,1,10019090,10,528,RS,1,1017700,21500000,21500000,6427000,WHEAT,NGA,Nigeria,21500.0,2012,1,2012-01-01
2012,1,10019900,10,820,RS,1,1017700,27500000,27500000,8444375,WHEAT,TUN,Tunisia,27500.0,2012,1,2012-01-01
2012,3,10019900,10,372,ND,1,1017700,5000000,5000000,1075000,WHEAT,IRN,Iran,5000.0,2012,3,2012-03-01
2012,9,10019900,10,783,PR,1,917800,10568540,10568540,2663273,WHEAT,DJI,Djibouti,10568.54,2012,9,2012-09-01
2012,10,10011900,10,586,PR,7,145300,38,38,39,WHEAT,PRY,Paraguay,0.038,2012,10,2012-10-01
2012,5,10019900,10,438,PR,1,917800,25421150,25421150,6914553,WHEAT,LBY,Libya,25421.15,2012,5,2012-05-01
2012,3,10019900,10,245,PR,1,917800,56112452,56112452,12052449,WHEAT,ESP,Spain,56112.452,2012,3,2012-03-01
2012,5,10019900,10,505,SP,1,817800,6,6,12,WHEAT,MOZ,Mozambique,0.006,2012,5,2012-05-01
2012,2,10019900,10,245,PR,1,917800,31300000,31300000,6880650,WHEAT,ESP,Spain,31300.0,2012,2,2012-02-01
2012,8,10019900,10,586,PR,7,145300,700,700,429,WHEAT,PRY,Paraguay,0.7,2012,8,2012-08-01
2012,2,10019900,10,623,RS,1,1017700,8752000,8752000,2170496,WHEAT,KEN,Kenya,8752.0,2012,2,2012-02-01
2012,12,10019900,10,505,PR,1,917800,7700000,7700000,2656500,WHEAT,MOZ,Mozambique,7700.0,2012,12,2012-12-01
2012,10,10019900,10,586,PR,7,145300,1710,1710,686,WHEAT,PRY,Paraguay,1.71,2012,10,2012-10-01
2012,5,10019900,10,438,SC,1,917800,1998850,1998850,543687,WHEAT,LBY,Libya,1998.85,2012,5,2012-05-01
2012,10,10019900,10,488,RS,1,1017700,23100000,23100000,7072000,WHEAT,MRT,Mauritania,23100.0,2012,10,2012-10-01
2012,11,10011900,10,586,PR,7,145300,90,90,81,WHEAT,PRY,Paraguay,0.09,2012,11,2012-11-01
2012,5,10019900,10,059,RS,1,1017700,31895000,31895000,8045040,WHEAT,DZA,Algeria,31895.0,2012,5,2012-05-01
2012,2,10019900,10,169,RS,1,1017700,26238735,26238735,5418299,WHEAT,COL,Colombia,26238.735,2012,2,2012-02-01
2012,5,10019900,10,438,RS,1,1017700,34352314,34352314,8693787,WHEAT,LBY,Libya,34352.314,2012,5,2012-05-01
2012,3,10019900,10,244,RS,1,1017700,185500000,185500000,49899050,WHEAT,ARE,United Arab Emirates,185500.0,2012,3,2012-03-01
2012,7,10019900,10,488,SC,1,1017700,1500000,1500000,390000,WHEAT,MRT,Mauritania,1500.0,2012,7,2012-07-01
2012,3,10019900,10,756,PR,1,917800,30066490,30066490,6603554,WHEAT,ZAF,South Africa,30066.49,2012,3,2012-03-01
2012,3,10019900,10,586,PR,7,145300,400,400,195,WHEAT,PRY,Paraguay,0.4,2012,3,2012-03-01
2012,1,10019900,10,505,RS,1,1017700,15000000,15000000,3470000,WHEAT,MOZ,Mozambique,15000.0,2012,1,2012-01-01
2012,6,10019100,10,097,SP,7,145200,28,28,58,WHEAT,BOL,Bolivia,0.028,2012,6,2012-06-01
2012,1,10011900,10,607,RS,1,1017700,6750000,6750000,1437750,WHEAT,PRT,Portugal,6750.0,2012,1,2012-01-01
2012,4,10019900,10,438,PR,1,917800,29836932,29836932,7242900,WHEAT,LBY,Libya,29836.932,2012,4,2012-04-01
2012,4,10019900,10,488,SC,1,1017700,4000000,4000000,1040000,WHEAT,MRT,Mauritania,4000.0,2012,4,2012-04-01
2012,6,10019900,10,438,RS,1,1017700,24977686,24977686,6244422,WHEAT,LBY,Libya,24977.686,2012,6,2012-06-01
2012,7,10019900,10,488,RS,1,1017700,18030000,18030000,4687800,WHEAT,MRT,Mauritania,18030.0,2012,7,2012-07-01
2012,12,10011900,10,607,SC,1,927800,3000,3000,2805,WHEAT,PRT,Portugal,3.0,2012,12,2012-12-01
2012,1,10019090,10,488,RS,1,1017700,12634445,12634445,3880871,WHEAT,MRT,Mauritania,12634.445,2012,1,2012-01-01
2012,5,10019900,10,586,PR,7,145300,350,350,147,WHEAT,PRY,Paraguay,0.35,2012,5,2012-05-01
2012,11,10011900,10,040,SP,1,717600,240,240,329,WHEAT,AGO,Angola,0.24,2012,11,2012-11-01
2012,4,10011900,10,628,SP,1,817800,28,28,58,WHEAT,GBR,United Kingdom,0.028,2012,4,2012-04-01
2012,4,10019900,10,372,ND,1,1017700,3000000,3000000,789000,WHEAT,IRN,Iran,3000.0,2012,4,2012-04-01
2012,3,10019900,10,756,RS,1,1017700,3393955,3393955,1048247,WHEAT,ZAF,South Africa,3393.955,2012,3,2012-03-01
2012,1,10019900,10,528,RS,1,1017700,1326600,1326600,403286,WHEAT,NGA,Nigeria,1326.6,2012,1,2012-01-01
2012,6,10019900,10,059,RS,1,1017700,78900000,78900000,19996120,WHEAT,DZA,Algeria,78900.0,2012,6,2012-06-01
2012,5,10019900,10,756,RS,1,1017700,25673196,25673196,6469646,WHEAT,ZAF,South Africa,25673.196,2012,5,2012-05-01
2012,12,10019900,10,780,PR,1,917800,41800000,41800000,14421000,WHEAT,TZA,Tanzania,41800.0,2012,12,2012-12-01
2012,4,10019900,10,372,RS,1,1017700,67241584,67241584,17817851,WHEAT,IRN,Iran,67241.584,2012,4,2012-04-01
2012,5,10019900,10,474,RS,1,1017700,41364000,41364000,10436212,WHEAT,MAR,Morocco,41364.0,2012,5,2012-05-01
2012,1,10019900,10,245,RS,1,1017700,39934445,39934445,8373561,WHEAT,ESP,Spain,39934.445,2012,1,2012-01-01
2012,12,10019900,10,053,RS,1,1017700,18413000,18413000,4930315,WHEAT,SAU,Saudi Arabia,18413.0,2012,12,2012-12-01
2012,9,10019900,10,756,RS,1,1017700,480000,480000,127200,WHEAT,ZAF,South Africa,480.0,2012,9,2012-09-01
2012,12,10019900,10,053,SC,1,917800,57750000,57750000,19635000,WHEAT,SAU,Saudi Arabia,57750.0,2012,12,2012-12-01
2012,3,10011900,10,438,SC,1,917800,47070,47070,9579,WHEAT,LBY,Libya,47.07,2012,3,2012-03-01
2012,12,10011900,10,053,RS,1,1017700,44587000,44587000,12250127,WHEAT,SAU,Saudi Arabia,44587.0,2012,12,2012-12-01
2012,9,10019900,10,586,PR,7,145300,400,400,164,WHEAT,PRY,Paraguay,0.4,2012,9,2012-09-01
2012,5,10019900,10,239,RS,1,1017700,7817730,7817730,1962839,WHEAT,ECU,Ecuador,7817.73,2012,5,2012-05-01
2012,11,10019900,10,505,SP,1,817800,6,6,12,WHEAT,MOZ,Mozambique,0.006,2012,11,2012-11-01
2012,1,10019900,10,783,RS,1,1017700,43100000,43100000,10833145,WHEAT,DJI,Djibouti,43100.0,2012,1,2012-01-01
2012,3,10019900,10,759,PR,1,917800,19625462,19625462,4179732,WHEAT,SDN,Sudan,19625.462,2012,3,2012-03-01
2012,1,10019900,10,994,RS,1,1017700,10000000,10000000,3000000,WHEAT,ZZZ,To define,10000.0,2012,1,2012-01-01
2012,9,10011900,10,756,RS,1,1017700,43112743,43112743,13035462,WHEAT,ZAF,South Africa,43112.743,2012,9,2012-09-01
2012,12,10019900,10,820,RS,1,1017700,9000000,9000000,2745000,WHEAT,TUN,Tunisia,9000.0,2012,12,2012-12-01
2012,2,10019900,10,245,RS,1,1017700,51000000,51000000,11117265,WHEAT,ESP,Spain,51000.0,2012,2,2012-02-01
2012,2,10019900,10,783,RS,1,1017700,44000000,44000000,9526000,WHEAT,DJI,Djibouti,44000.0,2012,2,2012-02-01
2012,9,10011900,10,586,PR,7,145300,140,140,122,WHEAT,PRY,Paraguay,0.14,2012,9,2012-09-01
2012,6,10019900,10,586,PR,7,145300,340,340,156,WHEAT,PRY,Paraguay,0.34,2012,6,2012-06-01
2012,3,10019900,10,505,RS,1,1017700,27500000,27500000,5783531,WHEAT,MOZ,Mozambique,27500.0,2012,3,2012-03-01
2012,11,10019900,10,505,RS,1,1017700,11881000,11881000,3873206,WHEAT,MOZ,Mozambique,11881.0,2012,11,2012-11-01
2012,2,10019900,10,386,RS,1,1017700,24417096,24417096,5364103,WHEAT,ITA,Italy,24417.096,2012,2,2012-02-01
2012,12,10019900,10,240,RS,1,1017700,89451000,89451000,26110618,WHEAT,EGY,Egypt,89451.0,2012,12,2012-12-01
2012,11,10019900,10,586,PR,7,145300,878,878,506,WHEAT,PRY,Paraguay,0.878,2012,11,2012-11-01
2012,2,10019900,10,528,RS,1,1017700,30800000,30800000,6708375,WHEAT,NGA,Nigeria,30800.0,2012,2,2012-02-01
2012,2,10011900,10,623,RS,1,1017700,2536000,2536000,758800,WHEAT,KEN,Kenya,2536.0,2012,2,2012-02-01
2012,3,10011900,10,756,SC,1,917800,6000000,6000000,1221000,WHEAT,ZAF,South Africa,6000.0,2012,3,2012-03-01
2012,2,10019900,10,756,RS,1,1017700,77000000,77000000,18036250,WHEAT,ZAF,South Africa,77000.0,2012,2,2012-02-01
2012,8,10019900,10,756,RS,1,1017700,29000000,29000000,8282500,WHEAT,ZAF,South Africa,29000.0,2012,8,2012-08-01
2012,4,10019900,10,059,RS,1,1017700,23750000,23750000,6100600,WHEAT,DZA,Algeria,23750.0,2012,4,2012-04-01
2012,1,10019090,10,820,RS,1,1017700,26250000,26250000,5843473,WHEAT,TUN,Tunisia,26250.0,2012,1,2012-01-01
2012,3,10019900,10,372,RS,1,1017700,77686520,77686520,21336192,WHEAT,IRN,Iran,77686.52,2012,3,2012-03-01
2012,8,10019900,10,239,RS,1,1017700,8000000,8000000,2160000,WHEAT,ECU,Ecuador,8000.0,2012,8,2012-08-01
2012,1,10019090,10,505,RS,1,1017700,11500000,11500000,3473000,WHEAT,MOZ,Mozambique,11500.0,2012,1,2012-01-01
2012,3,10019900,10,240,ND,1,1017700,5000000,5000000,1075000,WHEAT,EGY,Egypt,5000.0,2012,3,2012-03-01
2012,1,10019090,10,245,RS,1,1017700,9665555,9665555,2404829,WHEAT,ESP,Spain,9665.555,2012,1,2012-01-01
2012,3,10011900,10,756,PR,1,917800,4000000,4000000,814000,WHEAT,ZAF,South Africa,4000.0,2012,3,2012-03-01
2012,2,10019900,10,053,PR,1,917800,20000000,20000000,4140000,WHEAT,SAU,Saudi Arabia,20000.0,2012,2,2012-02-01
2012,2,10019900,10,240,RS,1,1017700,42000000,42000000,9538000,WHEAT,EGY,Egypt,42000.0,2012,2,2012-02-01
2012,2,10011900,10,040,SP,1,817800,2400,2400,1664,WHEAT,AGO,Angola,2.4,2012,2,2012-02-01
2012,2,10011900,10,240,RS,1,1017700,964000,964000,289200,WHEAT,EGY,Egypt,964.0,2012,2,2012-02-01
2012,2,10019900,10,759,PR,1,917800,23504950,23504950,4771505,WHEAT,SDN,Sudan,23504.95,2012,2,2012-02-01
2012,7,10011900,10,586,PR,7,145300,140,140,76,WHEAT,PRY,Paraguay,0.14,2012,7,2012-07-01
2012,2,10019900,10,586,PR,7,145300,1270,1270,555,WHEAT,PRY,Paraguay,1.27,2012,2,2012-02-01
2012,4,10019900,10,756,PR,1,917800,45483484,45483484,11115111,WHEAT,ZAF,South Africa,45483.484,2012,4,2012-04-01
2012,5,10019900,10,488,RS,1,1017700,21616000,21616000,5427768,WHEAT,MRT,Mauritania,21616.0,2012,5,2012-05-01
2012,1,10011900,10,505,RS,1,1017700,1000000,1000000,290000,WHEAT,MOZ,Mozambique,1000.0,2012,1,2012-01-01
2012,3,10019900,10,053,PR,1,917800,40250000,40250000,8442000,WHEAT,SAU,Saudi Arabia,40250.0,2012,3,2012-03-01
2012,7,10019900,10,783,PR,1,917800,22168235,22168235,5586396,WHEAT,DJI,Djibouti,22168.235,2012,7,2012-07-01
2012,2,10019900,10,607,RS,1,1017700,26250000,26250000,5844251,WHEAT,PRT,Portugal,26250.0,2012,2,2012-02-01
2012,4,10019900,10,488,RS,1,1017700,16000000,16000000,4134400,WHEAT,MRT,Mauritania,16000.0,2012,4,2012-04-01
2012,5,10019900,10,488,SC,1,1017700,1000000,1000000,260000,WHEAT,MRT,Mauritania,1000.0,2012,5,2012-05-01
2012,2,10019900,10,820,RS,1,1017700,25000000,25000000,5335000,WHEAT,TUN,Tunisia,25000.0,2012,2,2012-02-01
2012,3,10019900,10,438,PR,1,917800,22339248,22339248,5393993,WHEAT,LBY,Libya,22339.248,2012,3,2012-03-01
2012,8,10019900,10,488,RS,1,1017700,3000000,3000000,780000,WHEAT,MRT,Mauritania,3000.0,2012,8,2012-08-01
2012,12,10011900,10,240,RS,1,1017700,37739600,37739600,10789067,WHEAT,EGY,Egypt,37739.6,2012,12,2012-12-01
2012,11,10019900,10,756,RS,1,1017700,42582000,42582000,13860432,WHEAT,ZAF,South Africa,42582.0,2012,11,2012-11-01
2013,12,10019900,10,586,RS,7,910600,2000000,2000000,593000,WHEAT,PRY,Paraguay,2000.0,2013,12,2013-12-01
2013,1,10019900,10,728,RS,1,1017700,10998709,10998709,3563582,WHEAT,SEN,Senegal,10998.709,2013,1,2013-01-01
2013,1,10019900,10,383,RS,1,1017700,129277218,129277218,37795143,WHEAT,ISR,Israel,129277.218,2013,1,2013-01-01
2013,3,10011900,10,607,SP,1,817800,84,84,98,WHEAT,PRT,Portugal,0.084,2013,3,2013-03-01
2013,2,10011900,10,586,PR,7,145300,90,90,90,WHEAT,PRY,Paraguay,0.09,2013,2,2013-02-01
2013,1,10019900,10,820,RS,1,1017700,18229220,18229220,5907544,WHEAT,TUN,Tunisia,18229.22,2013,1,2013-01-01
2013,1,10019900,10,245,RS,1,1017700,62000000,62000000,17181978,WHEAT,ESP,Spain,62000.0,2013,1,2013-01-01
2013,4,10019900,10,756,RS,1,1017700,35854500,35854500,10382382,WHEAT,ZAF,South Africa,35854.5,2013,4,2013-04-01
2013,1,10019900,10,505,RS,1,1017700,27150000,27150000,9009154,WHEAT,MOZ,Mozambique,27150.0,2013,1,2013-01-01
2013,6,10019100,10,586,RS,4,817700,12,12,24,WHEAT,PRY,Paraguay,0.012,2013,6,2013-06-01
2013,1,10019900,10,190,ND,1,1017700,5360000,5360000,1271400,WHEAT,KOR,South Korea,5360.0,2013,1,2013-01-01
2013,6,10011900,10,040,SP,1,717600,180,180,247,WHEAT,AGO,Angola,0.18,2013,6,2013-06-01
2013,2,10019900,10,505,SP,1,817800,240,240,218,WHEAT,MOZ,Mozambique,0.24,2013,2,2013-02-01
2013,11,10011900,10,040,SP,1,817800,216,216,211,WHEAT,AGO,Angola,0.216,2013,11,2013-11-01
2013,2,10019900,10,023,RS,1,1017700,44482914,44482914,13316335,WHEAT,DEU,Germany,44482.914,2013,2,2013-02-01
2013,1,10019900,10,244,RS,1,1017700,12500000,12500000,3875000,WHEAT,ARE,United Arab Emirates,12500.0,2013,1,2013-01-01
2013,6,10011900,10,040,SP,1,817800,240,240,206,WHEAT,AGO,Angola,0.24,2013,6,2013-06-01
2013,3,10011900,10,040,SP,1,717600,90,90,216,WHEAT,AGO,Angola,0.09,2013,3,2013-03-01
2013,12,10019900,10,586,RS,7,1010852,4146920,4146920,1262073,WHEAT,PRY,Paraguay,4146.92,2013,12,2013-12-01
2013,2,10019900,10,245,RS,1,1017700,93843838,93843838,27680651,WHEAT,ESP,Spain,93843.838,2013,2,2013-02-01
2013,2,10019900,10,505,RS,1,1017700,8925000,8925000,2315775,WHEAT,MOZ,Mozambique,8925.0,2013,2,2013-02-01
2013,3,10019900,10,023,RS,1,1017700,69571340,69571340,20275808,WHEAT,DEU,Germany,69571.34,2013,3,2013-03-01
2013,12,10019900,10,586,PR,7,910600,2200000,2200000,743200,WHEAT,PRY,Paraguay,2200.0,2013,12,2013-12-01
2013,1,10019900,10,190,RS,1,1017700,57000000,57000000,17356175,WHEAT,KOR,South Korea,57000.0,2013,1,2013-01-01
2013,3,10019900,10,586,PR,7,145300,270,270,312,WHEAT,PRY,Paraguay,0.27,2013,3,2013-03-01
2013,2,10019900,10,586,PR,7,145300,730,730,415,WHEAT,PRY,Paraguay,0.73,2013,2,2013-02-01
2013,2,10019900,10,756,PR,1,917800,31450000,31450000,7548000,WHEAT,ZAF,South Africa,31450.0,2013,2,2013-02-01
2013,1,10019900,10,756,RS,1,1017700,11000000,11000000,2961956,WHEAT,ZAF,South Africa,11000.0,2013,1,2013-01-01
2013,4,10019900,10,383,RS,1,1017700,45100000,45100000,13316110,WHEAT,ISR,Israel,45100.0,2013,4,2013-04-01
2013,4,10011900,10,040,SP,1,717600,54,54,247,WHEAT,AGO,Angola,0.054,2013,4,2013-04-01
2013,4,10019900,10,245,RS,1,1017700,60559271,60559271,16949042,WHEAT,ESP,Spain,60559.271,2013,4,2013-04-01
2013,2,10019900,10,756,RS,1,1017700,50236939,50236939,14973017,WHEAT,ZAF,South Africa,50236.939,2013,2,2013-02-01
2013,6,10019100,10,845,RS,7,1015600,280000,280000,164500,WHEAT,URY,Uruguay,280.0,2013,6,2013-06-01
2013,4,10011900,10,586,PR,7,145300,150,150,141,WHEAT,PRY,Paraguay,0.15,2013,4,2013-04-01
2013,1,10011900,10,586,PR,7,145300,90,90,90,WHEAT,PRY,Paraguay,0.09,2013,1,2013-01-01
2013,4,10019900,10,040,SP,1,817800,240,240,206,WHEAT,AGO,Angola,0.24,2013,4,2013-04-01
2013,2,10019900,10,190,RS,1,1017700,64212993,64212993,18154566,WHEAT,KOR,South Korea,64212.993,2013,2,2013-02-01
2013,1,10011900,10,245,RS,1,1017700,3000000,3000000,915000,WHEAT,ESP,Spain,3000.0,2013,1,2013-01-01
2013,1,10019900,10,053,RS,1,1017700,32500000,32500000,9022975,WHEAT,SAU,Saudi Arabia,32500.0,2013,1,2013-01-01
2013,1,10011900,10,383,RS,1,1017700,2500000,2500000,745000,WHEAT,ISR,Israel,2500.0,2013,1,2013-01-01
2013,3,10011900,10,586,PR,7,145300,58,58,48,WHEAT,PRY,Paraguay,0.058,2013,3,2013-03-01
2013,3,10019900,10,756,RS,1,1017700,81094392,81094392,26526602,WHEAT,ZAF,South Africa,81094.392,2013,3,2013-03-01
2013,1,10011900,10,372,RS,1,1017700,6190000,6190000,1790488,WHEAT,IRN,Iran,6190.0,2013,1,2013-01-01
2013,2,10019900,10,190,ND,1,1017700,3640000,3640000,903600,WHEAT,KOR,South Korea,3640.0,2013,2,2013-02-01
2013,3,10019900,10,190,RS,1,1017700,52897007,52897007,14528837,WHEAT,KOR,South Korea,52897.007,2013,3,2013-03-01
2013,1,10019900,10,372,RS,1,1017700,39500000,39500000,12891829,WHEAT,IRN,Iran,39500.0,2013,1,2013-01-01
2013,3,10011900,10,040,SP,1,817800,240,240,206,WHEAT,AGO,Angola,0.24,2013,3,2013-03-01
2013,11,10019900,10,586,PR,7,910600,1000000,1000000,340000,WHEAT,PRY,Paraguay,1000.0,2013,11,2013-11-01
2013,3,10019900,10,245,RS,1,1017700,800000,800000,222400,WHEAT,ESP,Spain,800.0,2013,3,2013-03-01
2013,1,10011900,10,053,RS,1,1017700,30041623,30041623,7707805,WHEAT,SAU,Saudi Arabia,30041.623,2013,1,2013-01-01
2013,2,10019900,10,359,RS,1,1017700,22573456,22573456,7054205,WHEAT,IMN,Isle of Man,22573.456,2013,2,2013-02-01
2013,2,10019900,10,240,RS,1,1017700,65892451,65892451,18716491,WHEAT,EGY,Egypt,65892.451,2013,2,2013-02-01
2014,12,10019900,10,858,RS,1,1017700,65714070,65714070,13250129,WHEAT,VNM,Vietnam,65714.07,2014,12,2014-12-01
2014,12,10019900,10,776,RS,1,1017700,53869155,53869155,26674883,WHEAT,THA,Thailand,53869.155,2014,12,2014-12-01
2014,2,10019900,10,586,RS,7,910600,1000000,1000000,275000,WHEAT,PRY,Paraguay,1000.0,2014,2,2014-02-01
2014,10,10011900,10,040,SP,1,817800,252,252,234,WHEAT,AGO,Angola,0.252,2014,10,2014-10-01
2014,1,10011900,10,607,SC,1,927800,2000,2000,2300,WHEAT,PRT,Portugal,2.0,2014,1,2014-01-01
2014,2,10019900,10,586,PR,7,910600,500000,500000,155000,WHEAT,PRY,Paraguay,500.0,2014,2,2014-02-01
2014,8,10011900,10,040,SP,1,817800,840,840,782,WHEAT,AGO,Angola,0.84,2014,8,2014-08-01
2014,7,10019900,10,586,RS,7,1010852,500000,500000,150000,WHEAT,PRY,Paraguay,500.0,2014,7,2014-07-01
2014,3,10019900,10,586,RS,7,910600,1160000,1160000,290000,WHEAT,PRY,Paraguay,1160.0,2014,3,2014-03-01
2014,4,10011900,10,586,RS,7,910600,1000000,1000000,275000,WHEAT,PRY,Paraguay,1000.0,2014,4,2014-04-01
2014,6,10019900,10,586,RS,7,1010852,500000,500000,150000,WHEAT,PRY,Paraguay,500.0,2014,6,2014-06-01
2014,4,10019900,10,586,MS,7,910652,400000,400000,117652,WHEAT,PRY,Paraguay,400.0,2014,4,2014-04-01
2014,2,10011900,10,040,SP,1,817800,84,84,78,WHEAT,AGO,Angola,0.084,2014,2,2014-02-01
2014,7,10019900,10,586,RS,7,910600,1000000,1000000,265000,WHEAT,PRY,Paraguay,1000.0,2014,7,2014-07-01
2014,12,10019900,10,267,RS,1,1017700,73507820,73507820,28054485,WHEAT,PHL,Philippines,73507.82,2014,12,2014-12-01
2014,1,10019900,10,586,PR,7,910600,3000000,3000000,1012000,WHEAT,PRY,Paraguay,3000.0,2014,1,2014-01-01
2014,11,10011900,10,249,RJ,1,717600,400,400,627,WHEAT,USA,United States,0.4,2014,11,2014-11-01
2014,5,10019900,10,586,MS,7,910652,510000,510000,157949,WHEAT,PRY,Paraguay,510.0,2014,5,2014-05-01
2014,3,10019900,10,586,RS,7,910652,1000000,1000000,266212,WHEAT,PRY,Paraguay,1000.0,2014,3,2014-03-01
2014,12,10011900,10,858,PR,1,917800,498720,498720,90767,WHEAT,VNM,Vietnam,498.72,2014,12,2014-12-01
2014,1,10019900,10,586,RS,7,1010852,5353080,5353080,1622928,WHEAT,PRY,Paraguay,5353.08,2014,1,2014-01-01
2014,1,10019900,10,586,RS,7,910652,2000000,2000000,535661,WHEAT,PRY,Paraguay,2000.0,2014,1,2014-01-01
2014,2,10011900,10,628,SP,1,817800,240,240,419,WHEAT,GBR,United Kingdom,0.24,2014,2,2014-02-01
2014,6,10011900,10,040,SP,1,817800,168,168,156,WHEAT,AGO,Angola,0.168,2014,6,2014-06-01
2014,5,10019900,10,586,RS,7,910600,3000000,3000000,853500,WHEAT,PRY,Paraguay,3000.0,2014,5,2014-05-01
2014,3,10019900,10,586,RS,7,1010852,5500000,5500000,1421000,WHEAT,PRY,Paraguay,5500.0,2014,3,2014-03-01
2014,6,10011900,10,586,RS,7,910600,800,800,400,WHEAT,PRY,Paraguay,0.8,2014,6,2014-06-01
2014,8,10011900,10,040,RJ,1,717600,16,16,30,WHEAT,AGO,Angola,0.016,2014,8,2014-08-01
2014,6,10011900,10,607,SP,1,817800,90,90,84,WHEAT,PRT,Portugal,0.09,2014,6,2014-06-01
2014,2,10019900,10,586,RS,7,910652,1000000,1000000,279282,WHEAT,PRY,Paraguay,1000.0,2014,2,2014-02-01
2014,11,10019900,10,267,RS,1,1017700,41696620,41696620,20644882,WHEAT,PHL,Philippines,41696.62,2014,11,2014-11-01
2014,1,10019900,10,586,RS,7,910600,7750000,7750000,2311250,WHEAT,PRY,Paraguay,7750.0,2014,1,2014-01-01
2014,12,10019900,10,858,PR,1,917800,3615720,3615720,755466,WHEAT,VNM,Vietnam,3615.72,2014,12,2014-12-01
2014,5,10019900,10,586,RS,7,1010852,720000,720000,201600,WHEAT,PRY,Paraguay,720.0,2014,5,2014-05-01
2014,4,10019900,10,586,PR,7,910600,2000000,2000000,685000,WHEAT,PRY,Paraguay,2000.0,2014,4,2014-04-01
2015,5,10019900,10,267,RS,1,1017700,62310000,62310000,12753411,WHEAT,PHL,Philippines,62310.0,2015,5,2015-05-01
2015,11,10019900,10,190,ND,1,817800,16000,16000,6140,WHEAT,KOR,South Korea,16.0,2015,11,2015-11-01
2015,12,10019900,10,858,SP,1,817800,2988760,2988760,513976,WHEAT,VNM,Vietnam,2988.76,2015,12,2015-12-01
2015,2,10019900,10,190,RS,1,1017700,57750000,57750000,12057994,WHEAT,KOR,South Korea,57750.0,2015,2,2015-02-01
2015,2,10019900,10,267,RS,1,1017700,58850000,58850000,11966502,WHEAT,PHL,Philippines,58850.0,2015,2,2015-02-01
2015,2,10019900,10,474,SC,1,917800,8000000,8000000,2000000,WHEAT,MAR,Morocco,8000.0,2015,2,2015-02-01
2015,12,10019900,10,858,PR,1,917800,500400,500400,85553,WHEAT,VNM,Vietnam,500.4,2015,12,2015-12-01
2015,1,10019900,10,093,PR,1,917800,282200,282200,55029,WHEAT,MMR,Myanmar,282.2,2015,1,2015-01-01
2015,2,10019900,10,858,RS,1,1017700,103895000,103895000,21195127,WHEAT,VNM,Vietnam,103895.0,2015,2,2015-02-01
2015,5,10011900,10,607,SC,1,927800,1000,1000,1050,WHEAT,PRT,Portugal,1.0,2015,5,2015-05-01
2015,2,10011900,10,365,RS,1,1017700,408560,408560,89883,WHEAT,IDN,Indonesia,408.56,2015,2,2015-02-01
2015,2,10019900,10,474,PR,1,917800,26046830,26046830,6303855,WHEAT,MAR,Morocco,26046.83,2015,2,2015-02-01
2015,4,10019900,10,858,PR,1,1017700,27153325,27153325,5541056,WHEAT,VNM,Vietnam,27153.325,2015,4,2015-04-01
2015,12,10019900,10,858,RS,1,1017700,114481095,114481095,19440502,WHEAT,VNM,Vietnam,114481.095,2015,12,2015-12-01
2015,1,10019900,10,190,RS,1,1017700,57750000,57750000,11557167,WHEAT,KOR,South Korea,57750.0,2015,1,2015-01-01
2015,1,10019900,10,198,PR,1,917800,113140,113140,22628,WHEAT,KWT,Kuwait,113.14,2015,1,2015-01-01
2015,3,10019900,10,858,RS,1,1017700,1000690,1000690,214478,WHEAT,VNM,Vietnam,1000.69,2015,3,2015-03-01
2015,4,10019900,10,776,RS,1,1017700,63075000,63075000,12669643,WHEAT,THA,Thailand,63075.0,2015,4,2015-04-01
2015,4,10019900,10,858,RS,1,1017700,27359975,27359975,5670018,WHEAT,VNM,Vietnam,27359.975,2015,4,2015-04-01
2015,1,10019900,10,081,RS,1,1017700,99818110,99818110,20372049,WHEAT,BGD,Bangladesh,99818.11,2015,1,2015-01-01
2015,2,10019900,10,858,PR,1,917800,3532700,3532700,798809,WHEAT,VNM,Vietnam,3532.7,2015,2,2015-02-01
2015,7,10019100,10,586,PR,4,817600,21,21,17,WHEAT,PRY,Paraguay,0.021,2015,7,2015-07-01
2015,7,10019900,10,858,RS,1,1017700,8197000,8197000,1638894,WHEAT,VNM,Vietnam,8197.0,2015,7,2015-07-01
2015,3,10019900,10,081,RS,1,1017700,103992925,103992925,21791145,WHEAT,BGD,Bangladesh,103992.925,2015,3,2015-03-01
2015,12,10019900,10,776,RS,1,1017700,110254020,110254020,18371482,WHEAT,THA,Thailand,110254.02,2015,12,2015-12-01
2015,12,10019900,10,267,RS,1,1017700,73250000,73250000,10182425,WHEAT,PHL,Philippines,73250.0,2015,12,2015-12-01
2015,3,10019900,10,365,PR,1,917800,546180,546180,106505,WHEAT,IDN,Indonesia,546.18,2015,3,2015-03-01
2015,1,10019900,10,858,PR,1,917800,4522430,4522430,907075,WHEAT,VNM,Vietnam,4522.43,2015,1,2015-01-01
2015,1,10019900,10,267,RS,1,1017700,52806310,52806310,9803071,WHEAT,PHL,Philippines,52806.31,2015,1,2015-01-01
2015,2,10019900,10,776,RS,1,1017700,147156915,147156915,30188505,WHEAT,THA,Thailand,147156.915,2015,2,2015-02-01
2015,2,10011900,10,607,SC,1,927800,1000,1000,1300,WHEAT,PRT,Portugal,1.0,2015,2,2015-02-01
2015,4,10019900,10,267,RS,1,1017700,64459206,64459206,13626921,WHEAT,PHL,Philippines,64459.206,2015,4,2015-04-01
2015,3,10019900,10,858,PR,1,917800,610658,610658,121350,WHEAT,VNM,Vietnam,610.658,2015,3,2015-03-01
2015,2,10019900,10,081,RS,1,1017700,55201890,55201890,11740791,WHEAT,BGD,Bangladesh,55201.89,2015,2,2015-02-01
2015,2,10019900,10,239,RS,1,1017700,31450000,31450000,6447250,WHEAT,ECU,Ecuador,31450.0,2015,2,2015-02-01
2015,12,10019900,10,365,MG,1,817800,209480,209480,33936,WHEAT,IDN,Indonesia,209.48,2015,12,2015-12-01
2015,8,10011900,10,607,SC,1,927800,1000,1000,1050,WHEAT,PRT,Portugal,1.0,2015,8,2015-08-01
2015,1,10019900,10,858,RS,1,1017700,64050845,64050845,12603453,WHEAT,VNM,Vietnam,64050.845,2015,1,2015-01-01
2015,5,10019900,10,858,PR,1,917800,2072000,2072000,398923,WHEAT,VNM,Vietnam,2072.0,2015,5,2015-05-01
2015,12,10019900,10,169,RS,1,1017700,33000000,33000000,5573233,WHEAT,COL,Colombia,33000.0,2015,12,2015-12-01
2015,1,10019900,10,776,RS,1,1017700,184800000,184800000,37684675,WHEAT,THA,Thailand,184800.0,2015,1,2015-01-01
2015,12,10019900,10,858,PR,1,1017700,2556310,2556310,435212,WHEAT,VNM,Vietnam,2556.31,2015,12,2015-12-01
2015,2,10019900,10,365,PR,1,917800,534570,534570,104241,WHEAT,IDN,Indonesia,534.57,2015,2,2015-02-01
2015,3,10019900,10,474,SP,1,925251,6041230,6041230,1462099,WHEAT,MAR,Morocco,6041.23,2015,3,2015-03-01
2015,1,10019900,10,053,PR,1,917800,61674027,61674027,14155766,WHEAT,SAU,Saudi Arabia,61674.027,2015,1,2015-01-01
2015,3,10019900,10,474,PR,1,925251,12828590,12828590,3104774,WHEAT,MAR,Morocco,12828.59,2015,3,2015-03-01
2015,4,10019900,10,858,PR,1,917800,3620143,3620143,641693,WHEAT,VNM,Vietnam,3620.143,2015,4,2015-04-01
2015,3,10019900,10,776,RS,1,1017700,11290759,11290759,2201698,WHEAT,THA,Thailand,11290.759,2015,3,2015-03-01
2015,1,10019900,10,488,PR,1,917800,27297070,27297070,6340286,WHEAT,MRT,Mauritania,27297.07,2015,1,2015-01-01
2015,2,10019900,10,474,SP,1,917800,953170,953170,230686,WHEAT,MAR,Morocco,953.17,2015,2,2015-02-01
2016,3,10019900,10,239,PR,1,925251,99210,99210,15973,WHEAT,ECU,Ecuador,99.21,2016,3,2016-03-01
2016,3,10019900,10,858,RS,1,1017700,120450071,120450071,19440138,WHEAT,VNM,Vietnam,120450.071,2016,3,2016-03-01
2016,2,10019900,10,365,PR,1,925251,53613875,53613875,8953517,WHEAT,IDN,Indonesia,53613.875,2016,2,2016-02-01
2016,2,10019900,10,161,PR,1,917800,1784095,1784095,303499,WHEAT,TWN,Taiwan,1784.095,2016,2,2016-02-01
2016,3,10019900,10,267,RS,1,1017700,56266000,56266000,9269824,WHEAT,PHL,Philippines,56266.0,2016,3,2016-03-01
2016,4,10019900,10,267,RS,1,1017700,43500000,43500000,7007243,WHEAT,PHL,Philippines,43500.0,2016,4,2016-04-01
2016,1,10019900,10,239,PR,1,925251,29571540,29571540,4347017,WHEAT,ECU,Ecuador,29571.54,2016,1,2016-01-01
2016,1,10019900,10,383,RS,1,1017700,53688750,53688750,8780955,WHEAT,ISR,Israel,53688.75,2016,1,2016-01-01
2016,3,10019900,10,161,PR,1,917800,975982,975982,166893,WHEAT,TWN,Taiwan,975.982,2016,3,2016-03-01
2016,3,10019900,10,267,RS,1,925251,254362,254362,39808,WHEAT,PHL,Philippines,254.362,2016,3,2016-03-01
2016,3,10011900,10,607,SC,1,927800,1000,1000,1200,WHEAT,PRT,Portugal,1.0,2016,3,2016-03-01
2016,5,10019900,10,267,RS,1,1017700,9723591,9723591,1517294,WHEAT,PHL,Philippines,9723.591,2016,5,2016-05-01
2016,4,10019900,10,169,RS,1,1017700,48916145,48916145,7845499,WHEAT,COL,Colombia,48916.145,2016,4,2016-04-01
2016,3,10019900,10,239,RS,1,1017700,32450000,32450000,5224450,WHEAT,ECU,Ecuador,32450.0,2016,3,2016-03-01
2016,2,10019900,10,169,RS,1,1017700,49000000,49000000,7864000,WHEAT,COL,Colombia,49000.0,2016,2,2016-02-01
2016,2,10019900,10,455,PR,1,917800,1294970,1294970,220145,WHEAT,MYS,Malaysia,1294.97,2016,2,2016-02-01
2016,1,10019900,10,858,RS,1,1017700,73962845,73962845,12312612,WHEAT,VNM,Vietnam,73962.845,2016,1,2016-01-01
2016,1,10019900,10,161,PR,1,917800,787304,787304,133055,WHEAT,TWN,Taiwan,787.304,2016,1,2016-01-01
2016,2,10019900,10,858,PR,1,917800,1972800,1972800,321938,WHEAT,VNM,Vietnam,1972.8,2016,2,2016-02-01
2016,2,10019900,10,267,RS,1,1017700,49500000,49500000,8167500,WHEAT,PHL,Philippines,49500.0,2016,2,2016-02-01
2016,5,10019900,10,267,PR,1,1017700,990490,990490,168383,WHEAT,PHL,Philippines,990.49,2016,5,2016-05-01
2016,5,10019900,10,858,RS,1,1017700,19000000,19000000,2973500,WHEAT,VNM,Vietnam,19000.0,2016,5,2016-05-01
2016,8,10011900,10,607,SC,1,927800,1000,1000,1210,WHEAT,PRT,Portugal,1.0,2016,8,2016-08-01
2016,1,10019900,10,858,PR,1,917800,526000,526000,72588,WHEAT,VNM,Vietnam,526.0,2016,1,2016-01-01
2016,3,10019900,10,267,PR,1,925251,64512148,64512148,9913268,WHEAT,PHL,Philippines,64512.148,2016,3,2016-03-01
2017,1,10011900,10,607,SC,1,927800,1000,1000,1260,WHEAT,PRT,Portugal,1.0,2017,1,2017-01-01
2017,2,10019900,10,488,RS,1,1017700,30250000,30250000,5006375,WHEAT,MRT,Mauritania,30250.0,2017,2,2017-02-01
2017,1,10019900,10,190,RS,1,1017700,125872720,125872720,20163059,WHEAT,KOR,South Korea,125872.72,2017,1,2017-01-01
2017,4,10019900,10,059,RS,1,1017700,30719440,30719440,5538189,WHEAT,DZA,Algeria,30719.44,2017,4,2017-04-01
2017,5,10019900,10,586,PR,7,910600,48000,48000,33195,WHEAT,PRY,Paraguay,48.0,2017,5,2017-05-01
2017,2,10019900,10,053,RS,1,1017700,62430395,62430395,10258615,WHEAT,SAU,Saudi Arabia,62430.395,2017,2,2017-02-01
2017,3,10019900,10,190,RS,1,1017700,74054820,74054820,12917050,WHEAT,KOR,South Korea,74054.82,2017,3,2017-03-01
2017,2,10019900,10,190,RS,1,1017700,50550000,50550000,8186701,WHEAT,KOR,South Korea,50550.0,2017,2,2017-02-01
2017,1,10019900,10,365,RS,1,1017700,64431370,64431370,10309019,WHEAT,IDN,Indonesia,64431.37,2017,1,2017-01-01
2017,3,10019900,10,488,RS,1,1017700,30250000,30250000,5410000,WHEAT,MRT,Mauritania,30250.0,2017,3,2017-03-01
2017,12,10019900,10,858,RS,1,1017700,40800000,40800000,7083941,WHEAT,VNM,Vietnam,40800.0,2017,12,2017-12-01
2017,2,10019900,10,858,RS,1,1017700,66116015,66116015,10498040,WHEAT,VNM,Vietnam,66116.015,2017,2,2017-02-01
2017,10,10011900,10,850,GO,7,260151,35000,35000,11614,WHEAT,VEN,Venezuela,35.0,2017,10,2017-10-01
2017,3,10019900,10,858,RS,1,1017700,21325000,21325000,3702259,WHEAT,VNM,Vietnam,21325.0,2017,3,2017-03-01
2017,10,10011900,10,249,SP,1,817800,100,100,206,WHEAT,USA,United States,0.1,2017,10,2017-10-01
2017,5,10019900,10,858,RS,1,1017700,20732438,20732438,3678464,WHEAT,VNM,Vietnam,20732.438,2017,5,2017-05-01
2018,3,10019900,10,267,RS,1,1017700,51865000,51865000,9076375,WHEAT,PHL,Philippines,51865.0,2018,3,2018-03-01
2018,1,10019900,10,858,RS,1,1017700,24200000,24200000,4097500,WHEAT,VNM,Vietnam,24200.0,2018,1,2018-01-01
2018,3,10019100,10,528,RS,1,917800,498920,498920,379179,WHEAT,NGA,Nigeria,498.92,2018,3,2018-03-01
2018,1,10019900,10,776,RS,1,1017700,65331175,65331175,11432955,WHEAT,THA,Thailand,65331.175,2018,1,2018-01-01
2018,2,10019900,10,858,RS,1,1017700,21274270,21274270,3701723,WHEAT,VNM,Vietnam,21274.27,2018,2,2018-02-01
2018,12,10019900,10,476,SP,1,817800,150,150,250,WHEAT,MHL,Marshall Islands,0.15,2018,12,2018-12-01
2018,5,10019900,10,586,RS,7,917500,25000,25000,21912,WHEAT,PRY,Paraguay,25.0,2018,5,2018-05-01
2018,12,10019900,10,267,RS,1,1017700,55927000,55927000,11375292,WHEAT,PHL,Philippines,55927.0,2018,12,2018-12-01
2018,6,10019100,10,586,RS,7,917500,56,56,48,WHEAT,PRY,Paraguay,0.056,2018,6,2018-06-01
2018,2,10019900,10,267,RS,1,1017700,2000000,2000000,336000,WHEAT,PHL,Philippines,2000.0,2018,2,2018-02-01
2018,7,10019100,10,586,RS,7,917500,16,16,32,WHEAT,PRY,Paraguay,0.016,2018,7,2018-07-01
2019,2,10011900,10,267,RS,1,1017700,11183196,11183196,2460298,WHEAT,PHL,Philippines,11183.196,2019,2,2019-02-01
2019,7,10011900,10,365,PR,1,1017700,1340276,1340276,290841,WHEAT,IDN,Indonesia,1340.276,2019,7,2019-07-01
2019,7,10011900,10,365,RS,1,1017700,147725,147725,32057,WHEAT,IDN,Indonesia,147.725,2019,7,2019-07-01
2019,1,10019900,10,858,RS,1,1017700,22510080,22510080,4794647,WHEAT,VNM,Vietnam,22510.08,2019,1,2019-01-01
2019,10,10019900,10,163,SP,1,817800,10,10,85,WHEAT,CYP,Cyprus,0.01,2019,10,2019-10-01
2019,3,10019900,10,267,PR,1,1017700,483757,483757,100138,WHEAT,PHL,Philippines,483.757,2019,3,2019-03-01
2019,8,10019900,10,072,SP,4,817700,1,1,3,WHEAT,AUT,Austria,0.001,2019,8,2019-08-01
2019,9,10019900,10,467,SP,1,817800,30,30,230,WHEAT,MLT,Malta,0.03,2019,9,2019-09-01
2019,11,10019100,10,586,RS,7,917500,4,4,4,WHEAT,PRY,Paraguay,0.004,2019,11,2019-11-01
2019,1,10019900,10,365,RS,1,1017700,183002153,183002153,39372223,WHEAT,IDN,Indonesia,183002.153,2019,1,2019-01-01
2019,1,10019900,10,267,RS,1,1017700,112496987,112495987,20789789,WHEAT,PHL,Philippines,112495.987,2019,1,2019-01-01
2019,4,10019100,10,586,RS,7,917500,184028,184028,95384,WHEAT,PRY,Paraguay,184.028,2019,4,2019-04-01
2019,2,10019900,10,858,ND,1,1017700,9000000,9000000,1800000,WHEAT,VNM,Vietnam,9000.0,2019,2,2019-02-01
2019,2,10011900,10,267,PR,1,1017700,7306791,7306791,1607491,WHEAT,PHL,Philippines,7306.791,2019,2,2019-02-01
2019,3,10019900,10,267,RS,1,1017700,56366272,56366272,11667827,WHEAT,PHL,Philippines,56366.272,2019,3,2019-03-01
2019,8,10019900,10,476,SP,1,817800,10,10,85,WHEAT,MHL,Marshall Islands,0.01,2019,8,2019-08-01
2019,5,10019900,10,586,PR,7,917500,150110,150110,33042,WHEAT,PRY,Paraguay,150.11,2019,5,2019-05-01
2019,2,10019900,10,858,RS,1,1017700,58999966,58999966,12816118,WHEAT,VNM,Vietnam,58999.966,2019,2,2019-02-01
2019,3,10019900,10,476,SP,1,817800,10,10,104,WHEAT,MHL,Marshall Islands,0.01,2019,3,2019-03-01
2019,1,10019900,10,741,SP,1,817800,50,50,66,WHEAT,SGP,Singapore,0.05,2019,1,2019-01-01
2019,5,10019900,10,586,PR,7,917501,32390,32390,6961,WHEAT,PRY,Paraguay,32.39,2019,5,2019-05-01
2019,10,10019900,10,628,DF,4,117600,2,0,0,WHEAT,GBR,United Kingdom,0.0,2019,10,2019-10-01
2019,12,10019900,10,858,RS,1,1017700,36698004,36698004,6963000,WHEAT,VNM,Vietnam,36698.004,2019,12,2019-12-01
2019,3,10019900,10,365,RS,1,1017700,63527344,63527344,13658378,WHEAT,IDN,Indonesia,63527.344,2019,3,2019-03-01
2020,9,10019900,10,351,SP,1,817800,7,5,7,WHEAT,HKG,Hong Kong,0.005,2020,9,2020-09-01
2020,10,10019900,10,741,SP,1,817800,8,15,15,WHEAT,SGP,Singapore,0.015,2020,10,2020-10-01
2020,12,10019900,10,741,SP,1,817800,10,12,20,WHEAT,SGP,Singapore,0.012,2020,12,2020-12-01
2020,4,10019900,10,063,PR,4,817700,46,46,46,WHEAT,ARG,Argentina,0.046,2020,4,2020-04-01
2020,5,10019100,10,097,RS,7,147600,2000,2000,2032,WHEAT,BOL,Bolivia,2.0,2020,5,2020-05-01
2020,7,10019900,10,580,SP,1,817800,2,2,2,WHEAT,PAN,Panama,0.002,2020,7,2020-07-01
2020,12,10019900,10,476,SP,1,817800,5,8,14,WHEAT,MHL,Marshall Islands,0.008,2020,12,2020-12-01
2020,12,10019900,10,858,RS,1,1017700,69630995,69630995,15160810,WHEAT,VNM,Vietnam,69630.995,2020,12,2020-12-01
2020,2,10019900,10,053,RS,1,1017700,62459985,62459985,12179065,WHEAT,SAU,Saudi Arabia,62459.985,2020,2,2020-02-01
2020,9,10019900,10,580,SP,1,817800,27,32,43,WHEAT,PAN,Panama,0.032,2020,9,2020-09-01
2020,3,10019900,10,858,RS,1,1017700,61561277,61561277,13543488,WHEAT,VNM,Vietnam,61561.277,2020,3,2020-03-01
2020,12,10019900,10,365,RS,1,1017700,66000001,66000001,12539987,WHEAT,IDN,Indonesia,66000.001,2020,12,2020-12-01
2020,12,10019900,10,383,RS,1,1017700,53999993,53999993,10367225,WHEAT,ISR,Israel,53999.993,2020,12,2020-12-01
2020,8,10019900,10,098,SP,1,817800,5,7,10,WHEAT,BIH,Bosnia and Herzegovina,0.007,2020,8,2020-08-01
2020,6,10019100,10,586,RS,7,917500,20,20,16,WHEAT,PRY,Paraguay,0.02,2020,6,2020-06-01
2020,1,10019900,10,858,RS,1,1017700,86469852,86469852,16618759,WHEAT,VNM,Vietnam,86469.852,2020,1,2020-01-01
2020,12,10019900,10,576,RS,1,1017700,65682992,65682992,12545440,WHEAT,PAK,Pakistan,65682.992,2020,12,2020-12-01
2020,1,10019900,10,072,SP,4,817700,1,1,0,WHEAT,AUT,Austria,0.001,2020,1,2020-01-01
2020,12,10019900,10,580,SP,1,817800,46,46,89,WHEAT,PAN,Panama,0.046,2020,12,2020-12-01
2020,8,10019900,10,351,SP,1,817800,7,11,15,WHEAT,HKG,Hong Kong,0.011,2020,8,2020-08-01
2020,4,10019900,10,586,RS,7,917500,32000,32000,21220,WHEAT,PRY,Paraguay,32.0,2020,4,2020-04-01
2020,1,10019900,10,267,RS,1,1017700,31801071,31801071,5878448,WHEAT,PHL,Philippines,31801.071,2020,1,2020-01-01
2020,4,10019900,10,858,RS,1,1017700,21200002,21200002,4665699,WHEAT,VNM,Vietnam,21200.002,2020,4,2020-04-01
2020,8,10019900,10,580,SP,1,817800,30,41,58,WHEAT,PAN,Panama,0.041,2020,8,2020-08-01
2020,9,10019900,10,741,SP,1,817800,5,35,96,WHEAT,SGP,Singapore,0.035,2020,9,2020-09-01
2020,2,10019900,10,858,RS,1,1017700,42018988,42018988,8193330,WHEAT,VNM,Vietnam,42018.988,2020,2,2020-02-01
2020,2,10019900,10,275,PR,4,817600,54,54,54,WHEAT,FRA,France,0.054,2020,2,2020-02-01
2021,5,10011900,10,434,SP,1,817800,10,10,21,WHEAT,LBR,Liberia,0.01,2021,5,2021-05-01
2021,1,10019900,10,858,RS,1,1017700,92320009,92320009,21881539,WHEAT,VNM,Vietnam,92320.009,2021,1,2021-01-01
2021,1,10019900,10,053,RS,1,1017700,69600010,69600010,13261299,WHEAT,SAU,Saudi Arabia,69600.01,2021,1,2021-01-01
2021,3,10011900,10,434,SP,1,217800,5,5,19,WHEAT,LBR,Liberia,0.005,2021,3,2021-03-01
2021,12,10019900,10,858,RS,1,1017700,70335013,70335013,20800850,WHEAT,VNM,Vietnam,70335.013,2021,12,2021-12-01
2021,2,10019900,10,476,SP,1,817800,6,3,6,WHEAT,MHL,Marshall Islands,0.003,2021,2,2021-02-01
2021,3,10019900,10,474,RS,1,1017700,45341508,45341508,12231289,WHEAT,MAR,Morocco,45341.508,2021,3,2021-03-01
2021,12,10019900,10,576,RS,1,1017700,58999991,58999991,17287004,WHEAT,PAK,Pakistan,58999.991,2021,12,2021-12-01
2021,2,10019900,10,053,RS,1,1017700,71467523,71467523,14317930,WHEAT,SAU,Saudi Arabia,71467.523,2021,2,2021-02-01
2021,1,10019900,10,578,RS,1,1017700,55114989,55114989,13316440,WHEAT,PSE,Palestine,55114.989,2021,1,2021-01-01
2021,7,10019900,10,589,RS,1,1017700,2,2,4,WHEAT,PER,Peru,0.002,2021,7,2021-07-01
2021,2,10019900,10,858,RS,1,1017700,49863310,49863310,9643658,WHEAT,VNM,Vietnam,49863.31,2021,2,2021-02-01
2021,11,10019900,10,607,SC,1,927700,3,3,38,WHEAT,PRT,Portugal,0.003,2021,11,2021-11-01
2021,12,10019900,10,053,ND,1,1017700,84000000,84000000,24710000,WHEAT,SAU,Saudi Arabia,84000.0,2021,12,2021-12-01
2021,3,10019100,10,586,PR,7,917500,8000,8000,4800,WHEAT,PRY,Paraguay,8.0,2021,3,2021-03-01
2021,1,10019900,10,190,RS,1,1017700,62999998,62999998,12100615,WHEAT,KOR,South Korea,62999.998,2021,1,2021-01-01
2021,11,10019900,10,580,MA,1,317903,10,10,55,WHEAT,PAN,Panama,0.01,2021,11,2021-11-01
2021,12,10019900,10,365,RS,1,1017700,233765094,233765094,67420127,WHEAT,IDN,Indonesia,233765.094,2021,12,2021-12-01
2021,8,10019900,10,858,RS,1,1017700,21014756,21014756,4013814,WHEAT,VNM,Vietnam,21014.756,2021,8,2021-08-01
2021,5,10019100,10,845,RS,7,1017701,4000,4000,2880,WHEAT,URY,Uruguay,4.0,2021,5,2021-05-01
2021,3,10019100,10,586,RS,7,917500,28000,28000,15400,WHEAT,PRY,Paraguay,28.0,2021,3,2021-03-01
2021,1,10019900,10,776,RS,1,1017700,64049993,64049993,12272417,WHEAT,THA,Thailand,64049.993,2021,1,2021-01-01
2021,12,10019900,10,053,RS,1,1017700,93415052,93415052,27174551,WHEAT,SAU,Saudi Arabia,93415.052,2021,12,2021-12-01
2021,11,10011900,10,088,SP,1,917800,10,10,60,WHEAT,BLZ,Belize,0.01,2021,11,2021-11-01
2021,1,10019100,10,756,RS,4,817600,47,47,47,WHEAT,ZAF,South Africa,0.047,2021,1,2021-01-01
2021,1,10019900,10,580,SP,1,817800,5,11,9,WHEAT,PAN,Panama,0.011,2021,1,2021-01-01
2021,11,10019900,10,434,MA,1,317903,5,5,14,WHEAT,LBR,Liberia,0.005,2021,11,2021-11-01
2021,1,10019900,10,365,RS,1,1017700,56999994,56999994,13566022,WHEAT,IDN,Indonesia,56999.994,2021,1,2021-01-01
2021,9,10019900,10,476,SP,1,817800,15,15,115,WHEAT,MHL,Marshall Islands,0.015,2021,9,2021-09-01
2021,8,10019900,10,589,RS,1,1017700,4,4,7,WHEAT,PER,Peru,0.004,2021,8,2021-08-01
2021,4,10019100,10,097,RS,7,147600,2000,2000,2556,WHEAT,BOL,Bolivia,2.0,2021,4,2021-04-01
2022,2,10019900,10,053,RS,1,1017700,71219910,71219910,21190519,WHEAT,SAU,Saudi Arabia,71219.91,2022,2,2022-02-01
2022,4,10019900,10,240,RS,1,1017700,24222258,24222258,8792331,WHEAT,EGY,Egypt,24222.258,2022,4,2022-04-01
2022,4,10019900,10,476,SP,1,817800,20,20,177,WHEAT,MHL,Marshall Islands,0.02,2022,4,2022-04-01
2022,6,10019900,10,756,PR,1,1017700,139,139,56,WHEAT,ZAF,South Africa,0.139,2022,6,2022-06-01
2022,7,10011900,10,434,SP,1,817800,8,8,13,WHEAT,LBR,Liberia,0.008,2022,7,2022-07-01
2022,6,10019900,10,137,MA,1,317903,4,4,43,WHEAT,CYM,Cayman Islands,0.004,2022,6,2022-06-01
2022,4,10019900,10,474,RS,1,1017700,43766004,43766004,14287485,WHEAT,MAR,Morocco,43766.004,2022,4,2022-04-01
2022,12,10019900,10,850,RS,1,1017700,30590081,30590081,10174048,WHEAT,VEN,Venezuela,30590.081,2022,12,2022-12-01
2022,3,10019900,10,505,RS,1,1017700,11000009,11000009,3269745,WHEAT,MOZ,Mozambique,11000.009,2022,3,2022-03-01
2022,1,10019900,10,053,RS,1,1017700,214346853,214346853,63061485,WHEAT,SAU,Saudi Arabia,214346.853,2022,1,2022-01-01
2022,12,10019900,10,640,RS,1,1017700,6999993,6999993,2548002,WHEAT,CAF,Central African Republic,6999.993,2022,12,2022-12-01
2022,3,10019900,10,756,PR,1,1017700,493496,493496,151503,WHEAT,ZAF,South Africa,493.496,2022,3,2022-03-01
2022,2,10019900,10,239,RS,1,1017700,24177678,24177678,7143881,WHEAT,ECU,Ecuador,24177.678,2022,2,2022-02-01
2022,1,10019900,10,474,RS,1,1017700,129689997,129689997,38013064,WHEAT,MAR,Morocco,129689.997,2022,1,2022-01-01
2022,11,10019900,10,845,RS,7,1010351,459000,459000,155034,WHEAT,URY,Uruguay,459.0,2022,11,2022-11-01
2022,1,10019900,10,383,SP,1,927502,5779973,5779973,1685345,WHEAT,ISR,Israel,5779.973,2022,1,2022-01-01
2022,1,10019900,10,053,PR,1,1017700,153182,153182,45341,WHEAT,SAU,Saudi Arabia,153.182,2022,1,2022-01-01
2022,2,10019900,10,850,RS,1,1017700,6599500,6599500,1966651,WHEAT,VEN,Venezuela,6599.5,2022,2,2022-02-01
2022,3,10019900,10,858,RS,1,1017700,108559735,108559735,35361816,WHEAT,VNM,Vietnam,108559.735,2022,3,2022-03-01
2022,3,10019900,10,474,RS,1,1017700,93488309,93488309,29235309,WHEAT,MAR,Morocco,93488.309,2022,3,2022-03-01
2022,5,10019100,10,586,RS,7,917500,25,25,20,WHEAT,PRY,Paraguay,0.025,2022,5,2022-05-01
2022,6,10019900,10,756,RS,1,1017700,36289526,36289526,14516516,WHEAT,ZAF,South Africa,36289.526,2022,6,2022-06-01
2022,1,10019900,10,383,PR,1,927502,23528925,23528925,6711628,WHEAT,ISR,Israel,23528.925,2022,1,2022-01-01
2022,3,10019900,10,365,PR,1,1017700,38338,38338,11808,WHEAT,IDN,Indonesia,38.338,2022,3,2022-03-01
2022,2,10019900,10,240,RS,1,1017700,21999466,21999466,6499771,WHEAT,EGY,Egypt,21999.466,2022,2,2022-02-01
2022,6,10019100,10,040,SP,1,927800,2000,2000,3989,WHEAT,AGO,Angola,2.0,2022,6,2022-06-01
2022,1,10019900,10,365,RS,1,1017700,141114995,141114995,42197277,WHEAT,IDN,Indonesia,141114.995,2022,1,2022-01-01
2022,2,10019900,10,759,PR,1,1017700,721189,721189,216088,WHEAT,SDN,Sudan,721.189,2022,2,2022-02-01
2022,2,10019900,10,239,PR,1,1017700,8522335,8522335,2437812,WHEAT,ECU,Ecuador,8522.335,2022,2,2022-02-01
2022,3,10019900,10,053,PR,1,1017700,46986,46986,14283,WHEAT,SAU,Saudi Arabia,46.986,2022,3,2022-03-01
2022,5,10019900,10,434,MA,1,317903,1,1,9,WHEAT,LBR,Liberia,0.001,2022,5,2022-05-01
2022,12,10019900,10,858,RS,1,1017700,78234134,78234134,26892555,WHEAT,VNM,Vietnam,78234.134,2022,12,2022-12-01
2022,5,10019900,10,759,RS,1,1017700,71719987,71719987,25680149,WHEAT,SDN,Sudan,71719.987,2022,5,2022-05-01
2022,7,10019900,10,476,MA,0,210200,30,30,167,WHEAT,MHL,Marshall Islands,0.03,2022,7,2022-07-01
2022,7,10019100,10,586,RS,4,817600,10,10,10,WHEAT,PRY,Paraguay,0.01,2022,7,2022-07-01
2022,2,10019900,10,474,RS,1,1017700,62991044,62991044,19168765,WHEAT,MAR,Morocco,62991.044,2022,2,2022-02-01
2022,5,10019900,10,040,RS,1,1017700,36268942,36268942,12406096,WHEAT,AGO,Angola,36268.942,2022,5,2022-05-01
2022,2,10019900,10,240,PR,1,1017700,540,540,155,WHEAT,EGY,Egypt,0.54,2022,2,2022-02-01
2022,11,10019900,10,399,SP,4,817700,20,20,192,WHEAT,JPN,Japan,0.02,2022,11,2022-11-01
2022,12,10019900,10,053,RS,1,1017700,134979992,134979992,47345973,WHEAT,SAU,Saudi Arabia,134979.992,2022,12,2022-12-01
2022,8,10019900,10,476,MA,1,317903,25,25,73,WHEAT,MHL,Marshall Islands,0.025,2022,8,2022-08-01
2022,2,10019900,10,576,SC,1,1017700,131342,131342,38089,WHEAT,PAK,Pakistan,131.342,2022,2,2022-02-01
2022,2,10019900,10,474,SC,1,1017700,2108939,2108939,650604,WHEAT,MAR,Morocco,2108.939,2022,2,2022-02-01
2022,2,10019900,10,351,ES,1,727600,5,5,31,WHEAT,HKG,Hong Kong,0.005,2022,2,2022-02-01
2022,3,10019900,10,759,RS,1,1017700,74778051,74778051,22578247,WHEAT,SDN,Sudan,74778.051,2022,3,2022-03-01
2022,12,10019900,10,434,ES,1,727600,10,10,113,WHEAT,LBR,Liberia,0.01,2022,12,2022-12-01
2022,12,10019900,10,756,RS,1,1017700,84250734,84250734,29708019,WHEAT,ZAF,South Africa,84250.734,2022,12,2022-12-01
2022,6,10019900,10,476,MA,1,317903,10,10,34,WHEAT,MHL,Marshall Islands,0.01,2022,6,2022-06-01
2022,2,10019900,10,434,SP,1,817800,10,10,69,WHEAT,LBR,Liberia,0.01,2022,2,2022-02-01
2022,2,10019900,10,756,PR,1,1017700,1617583,1617583,482039,WHEAT,ZAF,South Africa,1617.583,2022,2,2022-02-01
2022,2,10019900,10,365,SC,1,1017700,302610,302610,90782,WHEAT,IDN,Indonesia,302.61,2022,2,2022-02-01
2022,12,10019900,10,365,RS,1,1017700,163036941,163036941,55804758,WHEAT,IDN,Indonesia,163036.941,2022,12,2022-12-01
2022,3,10019900,10,756,RS,1,1017700,93347859,93347859,28245821,WHEAT,ZAF,South Africa,93347.859,2022,3,2022-03-01
2022,2,10019900,10,365,RS,1,1017700,78137390,78137390,23411225,WHEAT,IDN,Indonesia,78137.39,2022,2,2022-02-01
2022,12,10019900,10,756,PR,1,1017700,226,226,78,WHEAT,ZAF,South Africa,0.226,2022,12,2022-12-01
2022,2,10019900,10,053,PR,1,1017700,280111,280111,83472,WHEAT,SAU,Saudi Arabia,280.111,2022,2,2022-02-01
2022,4,10019900,10,858,PR,1,1017700,2305,2305,696,WHEAT,VNM,Vietnam,2.305,2022,4,2022-04-01
2022,3,10019900,10,053,RS,1,1017700,212621879,212621879,64126752,WHEAT,SAU,Saudi Arabia,212621.879,2022,3,2022-03-01
2022,2,10019900,10,759,RS,1,1017700,70778806,70778806,21300703,WHEAT,SDN,Sudan,70778.806,2022,2,2022-02-01
2022,2,10019900,10,476,ES,1,727600,9,9,66,WHEAT,MHL,Marshall Islands,0.009,2022,2,2022-02-01
2022,12,10019900,10,858,PR,1,917800,32002863,32002863,9205307,WHEAT,VNM,Vietnam,32002.863,2022,12,2022-12-01
2022,4,10019100,10,845,RS,7,1017701,2000,2000,1900,WHEAT,URY,Uruguay,2.0,2022,4,2022-04-01
2022,2,10019900,10,576,RS,1,1017700,113388664,113388664,33068721,WHEAT,PAK,Pakistan,113388.664,2022,2,2022-02-01
2022,3,10019900,10,365,RS,1,1017700,140904673,140904673,43575931,WHEAT,IDN,Indonesia,140904.673,2022,3,2022-03-01
2022,6,10019900,10,190,BA,1,817800,20000,20000,28674,WHEAT,KOR,South Korea,20.0,2022,6,2022-06-01
2022,3,10019900,10,759,PR,1,1017700,21971,21971,6679,WHEAT,SDN,Sudan,21.971,2022,3,2022-03-01
2022,1,10019900,10,383,RS,1,1017700,15700000,15700000,4586839,WHEAT,ISR,Israel,15700.0,2022,1,2022-01-01
2022,1,10019900,10,850,RS,1,1017700,17599995,17599995,5227199,WHEAT,VEN,Venezuela,17599.995,2022,1,2022-01-01
2022,1,10019900,10,858,RS,1,1017700,28967005,28967005,8538312,WHEAT,VNM,Vietnam,28967.005,2022,1,2022-01-01
2022,3,10019900,10,756,SC,1,1017700,300291,300291,89263,WHEAT,ZAF,South Africa,300.291,2022,3,2022-03-01
2022,2,10019900,10,239,SC,1,917800,19880905,19880905,5680395,WHEAT,ECU,Ecuador,19880.905,2022,2,2022-02-01
2022,11,10019900,10,365,RS,1,1017700,71500015,71500015,24975111,WHEAT,IDN,Indonesia,71500.015,2022,11,2022-11-01
2022,5,10011900,10,607,PR,1,927502,2,2,4,WHEAT,PRT,Portugal,0.002,2022,5,2022-05-01
2022,1,10019900,10,383,RS,1,927502,9512070,9512070,2759803,WHEAT,ISR,Israel,9512.07,2022,1,2022-01-01
2022,10,10019900,10,845,RS,7,1010351,162000,162000,57348,WHEAT,URY,Uruguay,162.0,2022,10,2022-10-01
2022,3,10019900,10,858,PR,1,1017700,250,250,72,WHEAT,VNM,Vietnam,0.25,2022,3,2022-03-01
2022,2,10019900,10,858,RS,1,1017700,91496732,91496732,26950579,WHEAT,VNM,Vietnam,91496.732,2022,2,2022-02-01
2022,10,10019100,10,845,RS,4,1017801,1,1,120,WHEAT,URY,Uruguay,0.001,2022,10,2022-10-01
2022,2,10019900,10,756,RS,1,1017700,106929179,106929179,31593666,WHEAT,ZAF,South Africa,106929.179,2022,2,2022-02-01
2022,2,10019900,10,239,PR,1,917800,13013965,13013965,3725562,WHEAT,ECU,Ecuador,13013.965,2022,2,2022-02-01
2022,7,10019900,10,476,ES,1,727600,2,2,6,WHEAT,MHL,Marshall Islands,0.002,2022,7,2022-07-01
2022,6,10019900,10,081,MA,1,317903,10,10,45,WHEAT,BGD,Bangladesh,0.01,2022,6,2022-06-01
2022,3,10019900,10,239,RS,1,1017700,33000012,33000012,9570011,WHEAT,ECU,Ecuador,33000.012,2022,3,2022-03-01
2022,2,10019900,10,476,MA,1,317903,20,20,47,WHEAT,MHL,Marshall Islands,0.02,2022,2,2022-02-01
2022,4,10019900,10,040,RS,1,1017700,56050846,56050846,21106840,WHEAT,AGO,Angola,56050.846,2022,4,2022-04-01
2022,4,10019900,10,858,RS,1,1017700,23126983,23126983,8919023,WHEAT,VNM,Vietnam,23126.983,2022,4,2022-04-01
2022,2,10019900,10,827,RS,1,1017700,125930028,125930028,38455430,WHEAT,TUR,Turkey,125930.028,2022,2,2022-02-01
2022,11,10019900,10,476,SP,1,817800,5,5,68,WHEAT,MHL,Marshall Islands,0.005,2022,11,2022-11-01
2023,3,10011900,10,083,SP,1,817800,9,9,64,WHEAT,BRB,Barbados,0.009,2023,3,2023-03-01
2023,1,10019900,10,239,SC,1,917800,47714,47714,14458,WHEAT,ECU,Ecuador,47.714,2023,1,2023-01-01
2023,2,10019900,10,239,SC,1,927502,3936207,3936207,1122597,WHEAT,ECU,Ecuador,3936.207,2023,2,2023-02-01
2023,5,10019100,10,586,RS,7,917500,15,15,12,WHEAT,PRY,Paraguay,0.015,2023,5,2023-05-01
2023,3,10019900,10,476,ES,1,727600,3,3,29,WHEAT,MHL,Marshall Islands,0.003,2023,3,2023-03-01
2023,3,10019900,10,850,RS,1,1017700,36750000,36750000,11613000,WHEAT,VEN,Venezuela,36750.0,2023,3,2023-03-01
2023,1,10019900,10,628,ES,1,727600,20,20,123,WHEAT,GBR,United Kingdom,0.02,2023,1,2023-01-01
2023,12,10019900,10,850,RS,1,1017700,14153770,14153770,3025893,WHEAT,VEN,Venezuela,14153.77,2023,12,2023-12-01
2023,12,10019900,10,267,PR,1,1017700,736447,736447,154810,WHEAT,PHL,Philippines,736.447,2023,12,2023-12-01
2023,12,10019900,10,850,PR,1,1017700,541473,541473,119125,WHEAT,VEN,Venezuela,541.473,2023,12,2023-12-01
2023,3,10019900,10,628,ES,1,710251,15,15,67,WHEAT,GBR,United Kingdom,0.015,2023,3,2023-03-01
2023,12,10019900,10,850,SP,1,1017700,63006,63006,13861,WHEAT,VEN,Venezuela,63.006,2023,12,2023-12-01
2023,4,10019900,10,365,RS,1,1017700,15000000,15000000,4653000,WHEAT,IDN,Indonesia,15000.0,2023,4,2023-04-01
2023,4,10019900,10,776,PR,1,927502,35336194,35336194,10143595,WHEAT,THA,Thailand,35336.194,2023,4,2023-04-01
2023,3,10019900,10,239,SC,1,917800,3493493,3493493,1084206,WHEAT,ECU,Ecuador,3493.493,2023,3,2023-03-01
2023,4,10019900,10,081,RS,1,1017700,54557562,54557562,16314232,WHEAT,BGD,Bangladesh,54557.562,2023,4,2023-04-01
2023,2,10019900,10,488,RS,1,1017700,22084000,22084000,6784790,WHEAT,MRT,Mauritania,22084.0,2023,2,2023-02-01
2023,1,10019900,10,756,RS,1,1017700,52300000,52300000,16395400,WHEAT,ZAF,South Africa,52300.0,2023,1,2023-01-01
2023,1,10019900,10,365,RS,1,1017700,199508960,199508960,63576170,WHEAT,IDN,Indonesia,199508.96,2023,1,2023-01-01
2023,5,10019900,10,850,RS,1,1017700,19311271,19311271,6470474,WHEAT,VEN,Venezuela,19311.271,2023,5,2023-05-01
2023,4,10019900,10,239,PR,1,927502,24314145,24314145,6976285,WHEAT,ECU,Ecuador,24314.145,2023,4,2023-04-01
2023,2,10019900,10,759,RS,1,1017700,67231000,67231000,23710109,WHEAT,SDN,Sudan,67231.0,2023,2,2023-02-01
2023,12,10019900,10,239,PR,1,917800,27447353,27447353,5868709,WHEAT,ECU,Ecuador,27447.353,2023,12,2023-12-01
2023,2,10019900,10,239,PR,1,927502,22459454,22459454,6366335,WHEAT,ECU,Ecuador,22459.454,2023,2,2023-02-01
2023,10,10019900,10,275,ES,1,710251,4,4,18,WHEAT,FRA,France,0.004,2023,10,2023-10-01
2023,12,10019900,10,267,RS,1,1017700,186563553,186563553,39687463,WHEAT,PHL,Philippines,186563.553,2023,12,2023-12-01
2023,4,10019900,10,040,GO,1,817800,18000,18000,19260,WHEAT,AGO,Angola,18.0,2023,4,2023-04-01
2023,5,10019900,10,850,ND,1,1017700,14000000,14000000,4620000,WHEAT,VEN,Venezuela,14000.0,2023,5,2023-05-01
2023,2,10019900,10,239,SP,1,927502,9902100,9902100,2830016,WHEAT,ECU,Ecuador,9902.1,2023,2,2023-02-01
2023,7,10019900,10,628,ES,1,727600,2,2,9,WHEAT,GBR,United Kingdom,0.002,2023,7,2023-07-01
2023,5,10019900,10,776,PR,1,927502,15534920,15534920,4360284,WHEAT,THA,Thailand,15534.92,2023,5,2023-05-01
2023,1,10019900,10,239,PR,1,917800,36233045,36233045,11122083,WHEAT,ECU,Ecuador,36233.045,2023,1,2023-01-01
2023,6,10019100,10,063,RS,7,1017500,4160,4160,2080,WHEAT,ARG,Argentina,4.16,2023,6,2023-06-01
2023,12,10019900,10,850,SC,1,1017700,24781,24781,5452,WHEAT,VEN,Venezuela,24.781,2023,12,2023-12-01
2023,10,10019900,10,850,PR,1,917800,7350000,7350000,1543500,WHEAT,VEN,Venezuela,7350.0,2023,10,2023-10-01
2023,4,10019100,10,586,PR,7,917500,10000,10000,11000,WHEAT,PRY,Paraguay,10.0,2023,4,2023-04-01
2023,3,10019900,10,863,RS,1,1017700,3718570,3718570,1152756,WHEAT,VGB,Virgin Islands (UK),3718.57,2023,3,2023-03-01
2023,2,10019900,10,488,PR,1,1017700,5000000,5000000,1525000,WHEAT,MRT,Mauritania,5000.0,2023,2,2023-02-01
2023,1,10019900,10,858,RS,1,1017700,80640530,80640530,26617737,WHEAT,VNM,Vietnam,80640.53,2023,1,2023-01-01
2023,2,10019900,10,858,SP,1,927502,11578507,11578507,3658808,WHEAT,VNM,Vietnam,11578.507,2023,2,2023-02-01
2023,3,10019900,10,053,RS,1,1017700,64091249,64091249,20188744,WHEAT,SAU,Saudi Arabia,64091.249,2023,3,2023-03-01
2023,5,10019900,10,493,RS,1,1017700,19128881,19128881,5909428,WHEAT,MEX,Mexico,19128.881,2023,5,2023-05-01
2023,4,10019900,10,053,RS,1,1017700,71462184,71462184,22865442,WHEAT,SAU,Saudi Arabia,71462.184,2023,4,2023-04-01
2023,4,10019900,10,239,RS,1,1017700,33028207,33028207,10121581,WHEAT,ECU,Ecuador,33028.207,2023,4,2023-04-01
2023,2,10019900,10,850,RS,1,1017700,14700000,14700000,4630500,WHEAT,VEN,Venezuela,14700.0,2023,2,2023-02-01
2023,3,10019900,10,239,MS,1,917800,207307,207307,64338,WHEAT,ECU,Ecuador,207.307,2023,3,2023-03-01
2023,3,10019900,10,169,RS,1,1017700,60494074,60494074,21686095,WHEAT,COL,Colombia,60494.074,2023,3,2023-03-01
2023,2,10019900,10,059,RS,1,1017700,31500000,31500000,9253165,WHEAT,DZA,Algeria,31500.0,2023,2,2023-02-01
2023,5,10019900,10,493,PR,1,1017700,166309,166309,48063,WHEAT,MEX,Mexico,166.309,2023,5,2023-05-01
2023,4,10019900,10,239,SP,1,927502,7922637,7922637,2328102,WHEAT,ECU,Ecuador,7922.637,2023,4,2023-04-01
2023,4,10019900,10,081,PR,1,1017700,442438,442438,126095,WHEAT,BGD,Bangladesh,442.438,2023,4,2023-04-01
2023,8,10019100,10,628,PR,4,817700,0,0,1,WHEAT,GBR,United Kingdom,0.0,2023,8,2023-08-01
2023,8,10019900,10,586,PR,7,917501,189010,189010,46028,WHEAT,PRY,Paraguay,189.01,2023,8,2023-08-01
2023,2,10019900,10,528,RS,1,1017700,54600000,54600000,17949923,WHEAT,NGA,Nigeria,54600.0,2023,2,2023-02-01
2023,3,10019900,10,081,RS,1,1017700,107930000,107930000,34285500,WHEAT,BGD,Bangladesh,107930.0,2023,3,2023-03-01
2023,4,10019900,10,239,SC,1,927502,800197,800197,234792,WHEAT,ECU,Ecuador,800.197,2023,4,2023-04-01
2023,12,10019900,10,190,SP,1,817800,18000,18000,16046,WHEAT,KOR,South Korea,18.0,2023,12,2023-12-01
2023,4,10019900,10,077,SP,1,817800,10,10,89,WHEAT,BHS,Bahamas,0.01,2023,4,2023-04-01
2023,2,10019900,10,365,RS,1,1017700,231234000,231234000,75888578,WHEAT,IDN,Indonesia,231234.0,2023,2,2023-02-01
2023,2,10019900,10,858,PR,1,1017700,1285000,1285000,415055,WHEAT,VNM,Vietnam,1285.0,2023,2,2023-02-01
2023,4,10019900,10,776,SC,1,927502,1276,1276,366,WHEAT,THA,Thailand,1.276,2023,4,2023-04-01
2023,1,10019900,10,488,RS,1,1017700,58200000,58200000,18365585,WHEAT,MRT,Mauritania,58200.0,2023,1,2023-01-01
2023,2,10019900,10,858,RS,1,1017700,47472000,47472000,16526446,WHEAT,VNM,Vietnam,47472.0,2023,2,2023-02-01
2023,4,10019900,10,776,SP,1,927502,4655229,4655229,1360907,WHEAT,THA,Thailand,4655.229,2023,4,2023-04-01
2023,3,10019900,10,239,PR,1,917800,26939199,26939199,8309005,WHEAT,ECU,Ecuador,26939.199,2023,3,2023-03-01
2023,3,10019900,10,083,SP,1,817800,10,10,86,WHEAT,BRB,Barbados,0.01,2023,3,2023-03-01
2023,3,10019900,10,528,RS,1,1017700,54900000,54900000,17019001,WHEAT,NGA,Nigeria,54900.0,2023,3,2023-03-01
2023,12,10019900,10,858,PR,1,1017700,917113,917113,192594,WHEAT,VNM,Vietnam,917.113,2023,12,2023-12-01
2023,12,10019900,10,858,RS,1,1017700,63302652,63302652,13836720,WHEAT,VNM,Vietnam,63302.652,2023,12,2023-12-01
2023,1,10019900,10,053,RS,1,1017700,134589000,134589000,45843897,WHEAT,SAU,Saudi Arabia,134589.0,2023,1,2023-01-01
2023,7,10011900,10,625,RJ,1,710200,40,40,130,WHEAT,KGZ,Kyrgyzstan,0.04,2023,7,2023-07-01
2023,12,10019900,10,827,ES,1,727600,10,10,56,WHEAT,TUR,Turkey,0.01,2023,12,2023-12-01
2023,4,10019900,10,169,RS,1,1017700,33000000,33000000,10418257,WHEAT,COL,Colombia,33000.0,2023,4,2023-04-01
2023,12,10019900,10,239,SP,1,917800,1552647,1552647,328053,WHEAT,ECU,Ecuador,1552.647,2023,12,2023-12-01
2023,3,10019900,10,776,RS,1,1017700,57699712,57699712,20711590,WHEAT,THA,Thailand,57699.712,2023,3,2023-03-01
2023,2,10019900,10,858,PR,1,927502,10434903,10434903,3297430,WHEAT,VNM,Vietnam,10434.903,2023,2,2023-02-01
2023,7,10019900,10,628,ES,1,710251,5,5,24,WHEAT,GBR,United Kingdom,0.005,2023,7,2023-07-01
2023,3,10019900,10,365,RS,1,1017700,191461430,191461430,60109077,WHEAT,IDN,Indonesia,191461.43,2023,3,2023-03-01
2024,3,10019900,10,776,RS,1,1017700,88234495,88234495,18871522,WHEAT,THA,Thailand,88234.495,2024,3,2024-03-01
2024,3,10019900,10,850,SC,1,927502,2025337,2025337,484056,WHEAT,VEN,Venezuela,2025.337,2024,3,2024-03-01
2024,3,10019900,10,858,PR,1,927502,97773358,97773358,19880736,WHEAT,VNM,Vietnam,97773.358,2024,3,2024-03-01
2024,1,10019900,10,267,SC,1,1017700,848730,848730,182467,WHEAT,PHL,Philippines,848.73,2024,1,2024-01-01
2024,4,10019900,10,858,PR,1,927502,81472157,81472157,15900902,WHEAT,VNM,Vietnam,81472.157,2024,4,2024-04-01
2024,3,10019900,10,467,ES,1,727600,10,10,167,WHEAT,MLT,Malta,0.01,2024,3,2024-03-01
2024,4,10019900,10,850,SC,1,1017700,8,8,2,WHEAT,VEN,Venezuela,0.008,2024,4,2024-04-01
2024,3,10019900,10,239,RS,1,1017700,25878152,25878152,5567197,WHEAT,ECU,Ecuador,25878.152,2024,3,2024-03-01
2024,3,10019900,10,267,SP,1,927502,6806,6806,1375,WHEAT,PHL,Philippines,6.806,2024,3,2024-03-01
2024,4,10019900,10,858,RS,1,927502,2005951,2005951,381541,WHEAT,VNM,Vietnam,2005.951,2024,4,2024-04-01
2024,3,10019900,10,239,PR,1,1017700,5121848,5121848,1371938,WHEAT,ECU,Ecuador,5121.848,2024,3,2024-03-01
2024,5,10019900,10,858,SC,1,927502,4557172,4557172,878786,WHEAT,VNM,Vietnam,4557.172,2024,5,2024-05-01
2024,2,10019900,10,267,SP,1,927502,781312,781312,153741,WHEAT,PHL,Philippines,781.312,2024,2,2024-02-01
2024,2,10019900,10,603,RS,4,817700,0,0,0,WHEAT,POL,Poland,0.0,2024,2,2024-02-01
2024,2,10019900,10,267,SC,1,1017700,602706,602706,128334,WHEAT,PHL,Philippines,602.706,2024,2,2024-02-01
2024,3,10019900,10,858,PR,1,1017700,581090,581090,133967,WHEAT,VNM,Vietnam,581.09,2024,3,2024-03-01
2024,9,10019900,10,628,ES,1,710251,20,20,130,WHEAT,GBR,United Kingdom,0.02,2024,9,2024-09-01
2024,5,10019100,10,063,RS,4,817700,49,49,49,WHEAT,ARG,Argentina,0.049,2024,5,2024-05-01
2024,10,10019900,10,467,RS,1,1017800,5,5,9,WHEAT,MLT,Malta,0.005,2024,10,2024-10-01
2024,12,10019900,10,434,SP,1,817800,10,10,77,WHEAT,LBR,Liberia,0.01,2024,12,2024-12-01
2024,10,10019900,10,476,SP,1,817800,2,2,13,WHEAT,MHL,Marshall Islands,0.002,2024,10,2024-10-01
2024,4,10019100,10,756,RS,4,817700,160,160,104,WHEAT,ZAF,South Africa,0.16,2024,4,2024-04-01
2024,4,10019900,10,239,RS,1,1017700,24146483,24146483,4739448,WHEAT,ECU,Ecuador,24146.483,2024,4,2024-04-01
2024,9,10019900,10,476,ES,1,710251,6,6,39,WHEAT,MHL,Marshall Islands,0.006,2024,9,2024-09-01
2024,3,10019900,10,267,RS,1,1017700,290146343,290146343,61998972,WHEAT,PHL,Philippines,290146.343,2024,3,2024-03-01
2024,12,10019900,10,365,RS,1,1017700,24725000,24725000,5486050,WHEAT,IDN,Indonesia,24725.0,2024,12,2024-12-01
2024,2,10019900,10,267,PR,1,1017700,1728104,1728104,366802,WHEAT,PHL,Philippines,1728.104,2024,2,2024-02-01
2024,9,10019100,10,063,RS,4,817700,4,4,4,WHEAT,ARG,Argentina,0.004,2024,9,2024-09-01
2024,3,10019900,10,858,SP,1,927502,177,177,35,WHEAT,VNM,Vietnam,0.177,2024,3,2024-03-01
2024,4,10019900,10,858,SC,1,1017700,779676,779676,153582,WHEAT,VNM,Vietnam,779.676,2024,4,2024-04-01
2024,1,10019900,10,858,SC,1,1017700,1904734,1904734,406731,WHEAT,VNM,Vietnam,1904.734,2024,1,2024-01-01
2024,1,10019100,10,097,RS,7,147600,6000,6000,5400,WHEAT,BOL,Bolivia,6.0,2024,1,2024-01-01
2024,11,10019900,10,190,SP,1,817800,10000,10000,6240,WHEAT,KOR,South Korea,10.0,2024,11,2024-11-01
2024,3,10019900,10,776,PR,1,1017700,88734,88734,18634,WHEAT,THA,Thailand,88.734,2024,3,2024-03-01
2024,4,10019900,10,858,RS,1,1017700,109797773,109797773,22693967,WHEAT,VNM,Vietnam,109797.773,2024,4,2024-04-01
2024,12,10019900,10,239,RS,1,1017700,59287410,59287410,12814166,WHEAT,ECU,Ecuador,59287.41,2024,12,2024-12-01
2024,6,10019900,10,267,RS,1,1017700,1900000,1900000,400400,WHEAT,PHL,Philippines,1900.0,2024,6,2024-06-01
2024,5,10019100,10,586,PR,7,917500,5000,5000,7354,WHEAT,PRY,Paraguay,5.0,2024,5,2024-05-01
2024,4,10019900,10,607,ES,1,727600,5,5,22,WHEAT,PRT,Portugal,0.005,2024,4,2024-04-01
2024,11,10019900,10,434,SP,1,817800,3,3,24,WHEAT,LBR,Liberia,0.003,2024,11,2024-11-01
2024,12,10019900,10,239,SC,1,917800,73540,73540,16545,WHEAT,ECU,Ecuador,73.54,2024,12,2024-12-01
2024,3,10019900,10,267,SC,1,927502,7876529,7876529,1533234,WHEAT,PHL,Philippines,7876.529,2024,3,2024-03-01
2024,1,10019900,10,858,RS,1,1017700,451146339,451146339,100329487,WHEAT,VNM,Vietnam,451146.339,2024,1,2024-01-01
2024,3,10019900,10,434,ES,1,727600,10,10,76,WHEAT,LBR,Liberia,0.01,2024,3,2024-03-01
2024,4,10019900,10,850,RS,1,1017700,1785653,1785653,353243,WHEAT,VEN,Venezuela,1785.653,2024,4,2024-04-01
2024,1,10019900,10,776,PR,1,1017700,2495332,2495332,531506,WHEAT,THA,Thailand,2495.332,2024,1,2024-01-01
2024,6,10019100,10,586,RS,4,817600,160,160,96,WHEAT,PRY,Paraguay,0.16,2024,6,2024-06-01
2024,4,10019900,10,239,PR,1,917800,28139603,28139603,6422109,WHEAT,ECU,Ecuador,28139.603,2024,4,2024-04-01
2024,6,10019900,10,858,PR,1,927502,16856474,16856474,3787658,WHEAT,VNM,Vietnam,16856.474,2024,6,2024-06-01
2024,3,10019900,10,858,SC,1,1017700,285319,285319,71603,WHEAT,VNM,Vietnam,285.319,2024,3,2024-03-01
2024,3,10019900,10,267,PR,1,927502,72402474,72402474,14375748,WHEAT,PHL,Philippines,72402.474,2024,3,2024-03-01
2024,12,10019900,10,434,ES,1,727600,2,2,25,WHEAT,LBR,Liberia,0.002,2024,12,2024-12-01
2024,5,10019100,10,586,RS,4,817600,70,70,1242,WHEAT,PRY,Paraguay,0.07,2024,5,2024-05-01
2024,2,10019900,10,267,SC,1,927502,2303886,2303886,458632,WHEAT,PHL,Philippines,2303.886,2024,2,2024-02-01
2024,5,10019900,10,858,PR,1,927502,20759561,20759561,4264252,WHEAT,VNM,Vietnam,20759.561,2024,5,2024-05-01
2024,7,10019100,10,063,RS,4,817700,231,231,231,WHEAT,ARG,Argentina,0.231,2024,7,2024-07-01
2024,12,10019900,10,239,PR,1,917800,27556779,27556779,6153827,WHEAT,ECU,Ecuador,27556.779,2024,12,2024-12-01
2024,1,10019900,10,267,PR,1,1017700,11508638,11508638,2455957,WHEAT,PHL,Philippines,11508.638,2024,1,2024-01-01
2024,3,10019100,10,586,PR,7,917500,10000,10000,11500,WHEAT,PRY,Paraguay,10.0,2024,3,2024-03-01
2024,7,10019900,10,850,RS,1,1017700,5088480,5088480,1348447,WHEAT,VEN,Venezuela,5088.48,2024,7,2024-07-01
2024,2,10019900,10,267,RS,1,1017700,111468215,111468215,23961308,WHEAT,PHL,Philippines,111468.215,2024,2,2024-02-01
2024,1,10019900,10,776,SC,1,1017700,712040,712040,151626,WHEAT,THA,Thailand,712.04,2024,1,2024-01-01
2024,4,10019900,10,267,RS,1,1017700,79233902,79233902,16205119,WHEAT,PHL,Philippines,79233.902,2024,4,2024-04-01
2024,5,10019900,10,239,RS,1,1017700,28533780,28533780,5381816,WHEAT,ECU,Ecuador,28533.78,2024,5,2024-05-01
2024,6,10019900,10,476,SP,1,817800,10,10,83,WHEAT,MHL,Marshall Islands,0.01,2024,6,2024-06-01
2024,2,10019900,10,858,PR,1,1017700,1775668,1775668,372890,WHEAT,VNM,Vietnam,1775.668,2024,2,2024-02-01
2024,10,10019100,10,628,PR,4,817700,0,0,11,WHEAT,GBR,United Kingdom,0.0,2024,10,2024-10-01
2024,5,10019900,10,434,ES,1,727600,2,2,20,WHEAT,LBR,Liberia,0.002,2024,5,2024-05-01
2024,6,10019900,10,858,SP,1,927502,120,120,22,WHEAT,VNM,Vietnam,0.12,2024,6,2024-06-01
2024,4,10019900,10,267,SC,1,1017700,4661,4661,946,WHEAT,PHL,Philippines,4.661,2024,4,2024-04-01
2024,6,10019900,10,858,SC,1,927502,4499065,4499065,905296,WHEAT,VNM,Vietnam,4499.065,2024,6,2024-06-01
2024,12,10019900,10,476,SP,1,817800,10,10,76,WHEAT,MHL,Marshall Islands,0.01,2024,12,2024-12-01
2024,2,10019900,10,776,RS,1,1017700,39428970,39428970,8436600,WHEAT,THA,Thailand,39428.97,2024,2,2024-02-01
2024,1,10019900,10,776,RS,1,1017700,127092627,127092627,27409906,WHEAT,THA,Thailand,127092.627,2024,1,2024-01-01
2024,9,10019900,10,476,SP,1,817800,15,15,137,WHEAT,MHL,Marshall Islands,0.015,2024,9,2024-09-01
2024,5,10019900,10,858,RS,1,927502,1168238,1168238,208030,WHEAT,VNM,Vietnam,1168.238,2024,5,2024-05-01
2024,3,10019900,10,850,PR,1,927502,30878683,30878683,7380005,WHEAT,VEN,Venezuela,30878.683,2024,3,2024-03-01
2024,9,10019900,10,077,SP,1,817800,10,10,83,WHEAT,BHS,Bahamas,0.01,2024,9,2024-09-01
2024,3,10019900,10,267,PR,1,1017700,4508363,4508363,969184,WHEAT,PHL,Philippines,4508.363,2024,3,2024-03-01
2024,4,10019900,10,858,PR,1,1017700,1586389,1586389,321949,WHEAT,VNM,Vietnam,1586.389,2024,4,2024-04-01
2024,1,10019900,10,239,RS,1,1017700,33000000,33000000,7350130,WHEAT,ECU,Ecuador,33000.0,2024,1,2024-01-01
2024,6,10019900,10,858,RS,1,927502,2617453,2617453,515872,WHEAT,VNM,Vietnam,2617.453,2024,6,2024-06-01
2024,10,10019900,10,434,SP,1,817800,10,10,82,WHEAT,LBR,Liberia,0.01,2024,10,2024-10-01
2024,9,10019900,10,827,ES,1,717800,25,25,194,WHEAT,TUR,Turkey,0.025,2024,9,2024-09-01
2024,4,10019900,10,850,PR,1,1017700,24880000,24880000,5820951,WHEAT,VEN,Venezuela,24880.0,2024,4,2024-04-01
2024,1,10019100,10,063,RS,4,817700,121,121,121,WHEAT,ARG,Argentina,0.121,2024,1,2024-01-01
2024,2,10019900,10,199,SP,4,117600,210,210,126,WHEAT,CUB,Cuba,0.21,2024,2,2024-02-01
2024,5,10019900,10,083,SP,1,817800,10,10,89,WHEAT,BRB,Barbados,0.01,2024,5,2024-05-01
2024,4,10019900,10,239,SP,1,917800,397,397,350,WHEAT,ECU,Ecuador,0.397,2024,4,2024-04-01
2024,12,10019900,10,239,RS,1,917800,3019776,3019776,679389,WHEAT,ECU,Ecuador,3019.776,2024,12,2024-12-01
2024,4,10019900,10,858,SC,1,927502,7694139,7694139,1504956,WHEAT,VNM,Vietnam,7694.139,2024,4,2024-04-01
2024,4,10011900,10,434,RJ,1,710251,3,3,31,WHEAT,LBR,Liberia,0.003,2024,4,2024-04-01
2024,12,10019900,10,858,RS,1,1017700,229582049,229582049,50911707,WHEAT,VNM,Vietnam,229582.049,2024,12,2024-12-01
2024,2,10019900,10,267,PR,1,927502,48451312,48451312,9540334,WHEAT,PHL,Philippines,48451.312,2024,2,2024-02-01
2024,3,10019900,10,603,RS,4,817700,0,0,0,WHEAT,POL,Poland,0.0,2024,3,2024-03-01
2024,4,10019900,10,267,PR,1,1017700,1092271,1092271,213961,WHEAT,PHL,Philippines,1092.271,2024,4,2024-04-01
2024,1,10019900,10,267,RS,1,1017700,283036519,283036519,61109560,WHEAT,PHL,Philippines,283036.519,2024,1,2024-01-01
2024,3,10019900,10,858,SC,1,927502,11084013,11084013,2287234,WHEAT,VNM,Vietnam,11084.013,2024,3,2024-03-01
2024,3,10019900,10,776,SC,1,1017700,36556,36556,7750,WHEAT,THA,Thailand,36.556,2024,3,2024-03-01
2024,2,10019900,10,858,RS,1,1017700,67660332,67660332,14285676,WHEAT,VNM,Vietnam,67660.332,2024,2,2024-02-01
2024,1,10019900,10,858,PR,1,1017700,23286322,23286322,5368449,WHEAT,VNM,Vietnam,23286.322,2024,1,2024-01-01
2024,1,10019100,10,586,RS,4,817700,5,5,24,WHEAT,PRY,Paraguay,0.005,2024,1,2024-01-01
2024,12,10019900,10,628,ES,1,727600,20,20,125,WHEAT,GBR,United Kingdom,0.02,2024,12,2024-12-01
2024,3,10019900,10,267,SC,1,1017700,199294,199294,42450,WHEAT,PHL,Philippines,199.294,2024,3,2024-03-01
2024,10,10019900,10,351,SP,1,817800,10,10,97,WHEAT,HKG,Hong Kong,0.01,2024,10,2024-10-01
2024,3,10019900,10,858,RS,1,1017700,193126784,193126784,41639230,WHEAT,VNM,Vietnam,193126.784,2024,3,2024-03-01
2024,9,10019900,10,434,SP,1,817800,4,4,37,WHEAT,LBR,Liberia,0.004,2024,9,2024-09-01
2024,4,10019900,10,077,SP,1,817800,15,15,136,WHEAT,BHS,Bahamas,0.015,2024,4,2024-04-01
2025,4,10019900,10,858,RS,1,1017700,443121,443121,104133,WHEAT,VNM,Vietnam,443.121,2025,4,2025-04-01
2025,4,10019900,10,476,SP,1,817800,30,30,67,WHEAT,MHL,Marshall Islands,0.03,2025,4,2025-04-01
2025,3,10019100,10,586,RS,4,817600,126,126,126,WHEAT,PRY,Paraguay,0.126,2025,3,2025-03-01
2025,1,10019900,10,053,RS,1,1017700,131329365,131329365,30558820,WHEAT,SAU,Saudi Arabia,131329.365,2025,1,2025-01-01
2025,3,10019100,10,756,RS,4,817700,78,78,51,WHEAT,ZAF,South Africa,0.078,2025,3,2025-03-01
2025,5,10019900,10,434,SP,1,817800,5,5,42,WHEAT,LBR,Liberia,0.005,2025,5,2025-05-01
2025,2,10019900,10,081,RS,1,1017700,55930000,55930000,12955783,WHEAT,BGD,Bangladesh,55930.0,2025,2,2025-02-01
2025,3,10011900,10,088,PE,1,440151,100,100,93,WHEAT,BLZ,Belize,0.1,2025,3,2025-03-01
2025,2,10019900,10,239,RS,1,1017700,66170000,66170000,14963239,WHEAT,ECU,Ecuador,66170.0,2025,2,2025-02-01
2025,2,10019900,10,053,RS,1,1017700,67805000,67805000,15854175,WHEAT,SAU,Saudi Arabia,67805.0,2025,2,2025-02-01
2025,7,10019100,10,063,PE,4,817700,6,6,6,WHEAT,ARG,Argentina,0.006,2025,7,2025-07-01
2025,4,10019900,10,043,SP,1,817800,5,5,37,WHEAT,ATG,Antigua and Barbuda,0.005,2025,4,2025-04-01
2025,5,10019100,10,628,PR,4,817700,0,0,11,WHEAT,GBR,United Kingdom,0.0,2025,5,2025-05-01
2025,1,10019900,10,858,RS,1,1017700,315949612,315949612,70869098,WHEAT,VNM,Vietnam,315949.612,2025,1,2025-01-01
2025,1,10019900,10,239,RS,1,1017700,36000000,36000000,8057585,WHEAT,ECU,Ecuador,36000.0,2025,1,2025-01-01
2025,3,10019900,10,467,RS,1,1017700,20,20,42,WHEAT,MLT,Malta,0.02,2025,3,2025-03-01
2025,6,10019100,10,063,RS,4,817700,25,25,25,WHEAT,ARG,Argentina,0.025,2025,6,2025-06-01
2025,2,10019900,10,858,RS,1,1017700,288979803,288979803,64787839,WHEAT,VNM,Vietnam,288979.803,2025,2,2025-02-01
2025,4,10019900,10,199,SP,1,817800,150,150,2859,WHEAT,CUB,Cuba,0.15,2025,4,2025-04-01
2025,1,10019900,10,434,SP,1,817800,6,6,45,WHEAT,LBR,Liberia,0.006,2025,1,2025-01-01
2025,5,10019900,10,580,ES,1,727600,50,50,97,WHEAT,PAN,Panama,0.05,2025,5,2025-05-01
2025,3,10019900,10,081,RS,1,1017700,57614450,57614450,13512238,WHEAT,BGD,Bangladesh,57614.45,2025,3,2025-03-01
2025,2,10019900,10,728,RS,1,1017700,31394010,31394010,7628697,WHEAT,SEN,Senegal,31394.01,2025,2,2025-02-01
2025,7,10019900,10,077,SP,1,817800,5,5,43,WHEAT,BHS,Bahamas,0.005,2025,7,2025-07-01
2025,7,10019900,10,476,ES,1,727600,2,2,26,WHEAT,MHL,Marshall Islands,0.002,2025,7,2025-07-01
2025,1,10019900,10,741,SP,1,817800,4,4,9,WHEAT,SGP,Singapore,0.004,2025,1,2025-01-01
2025,5,10019100,10,063,RS,7,1017500,27000,27000,15685,WHEAT,ARG,Argentina,27.0,2025,5,2025-05-01
2025,4,10019100,10,586,RS,7,917500,40000,40000,34600,WHEAT,PRY,Paraguay,40.0,2025,4,2025-04-01
2025,3,10019900,10,239,RS,1,1017700,33000000,33000000,7683933,WHEAT,ECU,Ecuador,33000.0,2025,3,2025-03-01
2025,3,10019900,10,434,SP,1,817800,10,10,81,WHEAT,LBR,Liberia,0.01,2025,3,2025-03-01
2025,1,10019900,10,365,RS,1,1017700,68400000,68400000,15650200,WHEAT,IDN,Indonesia,68400.0,2025,1,2025-01-01
2025,5,10019900,10,476,SP,1,817800,3,3,24,WHEAT,MHL,Marshall Islands,0.003,2025,5,2025-05-01
2025,7,10019900,10,805,SP,1,917800,30,30,275,WHEAT,TKL,Tokelau,0.03,2025,7,2025-07-01
2025,5,10019900,10,476,SP,1,917800,25,25,123,WHEAT,MHL,Marshall Islands,0.025,2025,5,2025-05-01
2025,5,10019100,10,845,RS,7,1017701,3000,3000,3000,WHEAT,URY,Uruguay,3.0,2025,5,2025-05-01
2025,2,10019900,10,365,RS,1,1017700,118050000,118050000,27436071,WHEAT,IDN,Indonesia,118050.0,2025,2,2025-02-01
2025,5,10019900,10,351,ES,1,817800,5,5,42,WHEAT,HKG,Hong Kong,0.005,2025,5,2025-05-01
2025,3,10019100,10,063,PR,4,817700,1,1,1,WHEAT,ARG,Argentina,0.001,2025,3,2025-03-01
2025,4,10019900,10,528,RS,1,1017700,100866460,100866460,23033705,WHEAT,NGA,Nigeria,100866.46,2025,4,2025-04-01
2025,3,10019900,10,858,RS,1,1017700,156283045,156283045,36145724,WHEAT,VNM,Vietnam,156283.045,2025,3,2025-03-01
2025,6,10019100,10,063,RS,7,1017503,14000,14000,10360,WHEAT,ARG,Argentina,14.0,2025,6,2025-06-01
2025,7,10019100,10,063,RS,4,817700,0,0,1,WHEAT,ARG,Argentina,0.0,2025,7,2025-07-01
