CO_ANO,CO_MES,CO_NCM,CO_UNID,CO_PAIS,SG_UF_NCM,CO_VIA,CO_URF,QT_ESTAT,KG_LIQUIDO,VL_FOB,commodity,country_code,country,mts,year,month
2010,2,23032000,10,628,SP,1,817800,35,35040,741,CORNCOPRODUCTS,GBR,United Kingdom,35.04,2010,2
2010,2,23032000,10,275,SP,1,817800,0,2772,10803,CORNCOPRODUCTS,FRA,France,2.772,2010,2
2010,5,23032000,10,097,ZN,4,145200,800,800,628,CORNCOPRODUCTS,BOL,Bolivia,0.8,2010,5
2010,1,23032000,10,023,ZN,4,817800,31,30084,1173,CORNCOPRODUCTS,DEU,Germany,30.084,2010,1
2010,7,23032000,10,232,PR,4,817700,0,170,255,CORNCOPRODUCTS,DNK,Denmark,0.17,2010,7
2010,1,23032000,10,149,SP,4,817600,500,500,100,CORNCOPRODUCTS,CAN,Canada,0.5,2010,1
2010,12,23032000,10,573,RJ,1,717600,2500,2500,1250,CORNCOPRODUCTS,NLD,Netherlands,2.5,2010,12
2010,12,23032000,10,275,SP,1,817800,0,2800,10481,CORNCOPRODUCTS,FRA,France,2.8,2010,12
2011,12,23032000,10,249,SP,1,817800,0,2390,1195,CORNCOPRODUCTS,USA,United States,2.39,2011,12
2011,7,23032000,10,249,MG,4,817700,0,0,2,CORNCOPRODUCTS,USA,United States,0.0,2011,7
2011,12,23032000,10,023,SP,1,817800,0,1000,227,CORNCOPRODUCTS,DEU,Germany,1.0,2011,12
2011,4,23032000,10,275,SP,4,817600,600,600,2142,CORNCOPRODUCTS,FRA,France,0.6,2011,4
2011,10,23032000,10,573,SP,1,817800,0,2016,3428,CORNCOPRODUCTS,NLD,Netherlands,2.016,2011,10
2011,11,23032000,10,573,SP,1,817800,0,1704,2250,CORNCOPRODUCTS,NLD,Netherlands,1.704,2011,11
2011,6,23032000,10,275,SP,1,817800,0,5400,19305,CORNCOPRODUCTS,FRA,France,5.4,2011,6
2011,11,23032000,10,249,SP,4,817600,0,321,221,CORNCOPRODUCTS,USA,United States,0.321,2011,11
2011,1,23033000,10,087,SP,1,817800,0,73150,60147,CORNCOPRODUCTS,BEL,Belgium,73.15,2011,1
2012,9,23032000,10,072,SP,1,817800,1524,1524,37,CORNCOPRODUCTS,AUT,Austria,1.524,2012,9
2012,11,23032000,10,023,SP,4,817600,480,480,7061,CORNCOPRODUCTS,DEU,Germany,0.48,2012,11
2012,12,23032000,10,249,ZN,4,817600,10,10,235,CORNCOPRODUCTS,USA,United States,0.01,2012,12
2012,12,23032000,10,232,SP,1,817800,1940,1940,15,CORNCOPRODUCTS,DNK,Denmark,1.94,2012,12
2012,3,23032000,10,149,SP,1,817800,5165,5165,5,CORNCOPRODUCTS,CAN,Canada,5.165,2012,3
2012,12,23032000,10,149,SP,1,817800,132340,132340,3309,CORNCOPRODUCTS,CAN,Canada,132.34,2012,12
2012,5,23032000,10,249,SP,1,817800,3000,3000,1500,CORNCOPRODUCTS,USA,United States,3.0,2012,5
2012,9,23032000,10,386,SP,1,817800,9600,9600,234,CORNCOPRODUCTS,ITA,Italy,9.6,2012,9
2012,8,23032000,10,149,SP,1,817800,344580,344580,8617,CORNCOPRODUCTS,CAN,Canada,344.58,2012,8
2012,11,23032000,10,249,SP,4,817600,30,30,159,CORNCOPRODUCTS,USA,United States,0.03,2012,11
2012,2,23032000,10,023,SP,1,817800,0,1180,498,CORNCOPRODUCTS,DEU,Germany,1.18,2012,2
2012,10,23032000,10,538,SP,1,817800,68300,68300,18292,CORNCOPRODUCTS,NOR,Norway,68.3,2012,10
2012,12,23032000,10,149,ZN,4,817700,370,370,19,CORNCOPRODUCTS,CAN,Canada,0.37,2012,12
2012,1,23032000,10,023,PA,1,417800,25000,25000,3156,CORNCOPRODUCTS,DEU,Germany,25.0,2012,1
2012,9,23032000,10,249,SP,1,817800,5000,5000,1000,CORNCOPRODUCTS,USA,United States,5.0,2012,9
2013,10,23032000,10,245,ND,4,717700,100,100,50,CORNCOPRODUCTS,ESP,Spain,0.1,2013,10
2013,10,23032000,10,386,SP,4,817600,5270,5270,244,CORNCOPRODUCTS,ITA,Italy,5.27,2013,10
2013,12,23032000,10,023,GO,1,817800,92100,92100,12322,CORNCOPRODUCTS,DEU,Germany,92.1,2013,12
2013,10,23032000,10,023,GO,1,817800,10540,10540,4522,CORNCOPRODUCTS,DEU,Germany,10.54,2013,10
2013,10,23032000,10,232,SP,9,817700,400,400,46,CORNCOPRODUCTS,DNK,Denmark,0.4,2013,10
2013,8,23032000,10,249,SP,4,817600,9017,9017,387,CORNCOPRODUCTS,USA,United States,9.017,2013,8
2013,8,23032000,10,386,ZN,4,817800,29480,29480,14726,CORNCOPRODUCTS,ITA,Italy,29.48,2013,8
2013,9,23032000,10,386,SP,1,817800,7000,7000,14439,CORNCOPRODUCTS,ITA,Italy,7.0,2013,9
2013,11,23032000,10,249,SP,1,817800,67200,67200,13440,CORNCOPRODUCTS,USA,United States,67.2,2013,11
2013,10,23032000,10,023,ZN,4,817600,1,220,42,CORNCOPRODUCTS,DEU,Germany,0.22,2013,10
2013,7,23032000,10,149,SP,1,817800,293520,293520,7617,CORNCOPRODUCTS,CAN,Canada,293.52,2013,7
2013,1,23032000,10,249,SP,1,817800,26418,26418,3260,CORNCOPRODUCTS,USA,United States,26.418,2013,1
2013,1,23032000,10,149,SP,1,817800,277240,277240,6931,CORNCOPRODUCTS,CAN,Canada,277.24,2013,1
2013,12,23032000,10,249,SP,1,817800,16342,16342,3268,CORNCOPRODUCTS,USA,United States,16.342,2013,12
2013,2,23032000,10,149,SP,1,817800,233580,233580,5840,CORNCOPRODUCTS,CAN,Canada,233.58,2013,2
2013,5,23032000,10,628,SP,1,817800,7245,7245,362,CORNCOPRODUCTS,GBR,United Kingdom,7.245,2013,5
2013,8,23032000,10,249,SP,9,817700,80,80,8,CORNCOPRODUCTS,USA,United States,0.08,2013,8
2013,10,23032000,10,275,SP,1,817800,5000,5000,6800,CORNCOPRODUCTS,FRA,France,5.0,2013,10
2013,10,23032000,10,023,GO,4,817600,600,600,778,CORNCOPRODUCTS,DEU,Germany,0.6,2013,10
2013,10,23032000,10,249,SP,1,817800,15480,15480,2209,CORNCOPRODUCTS,USA,United States,15.48,2013,10
2014,2,23032000,10,249,ZN,4,817700,2150,2150,3673,CORNCOPRODUCTS,USA,United States,2.15,2014,2
2014,5,23032000,10,399,SP,4,817600,20,20,9,CORNCOPRODUCTS,JPN,Japan,0.02,2014,5
2014,11,23032000,10,072,SP,1,817800,479,479,90,CORNCOPRODUCTS,AUT,Austria,0.479,2014,11
2014,1,23032000,10,023,GO,1,817800,62680,62680,7239,CORNCOPRODUCTS,DEU,Germany,62.68,2014,1
2014,9,23032000,10,573,SP,4,817600,25,25,5,CORNCOPRODUCTS,NLD,Netherlands,0.025,2014,9
2014,10,23033000,10,573,SP,4,817600,390,390,150,CORNCOPRODUCTS,NLD,Netherlands,0.39,2014,10
2014,8,23032000,10,023,GO,1,817800,92500,92500,63888,CORNCOPRODUCTS,DEU,Germany,92.5,2014,8
2014,9,23032000,10,249,SP,4,817600,11690,11690,35,CORNCOPRODUCTS,USA,United States,11.69,2014,9
2014,11,23032000,10,023,GO,1,817800,58880,58880,45079,CORNCOPRODUCTS,DEU,Germany,58.88,2014,11
2014,9,23031000,10,069,ZN,4,817600,960,960,15764,CORNCOPRODUCTS,AUS,Australia,0.96,2014,9
2014,9,23031000,10,361,ZN,4,817600,480,480,8732,CORNCOPRODUCTS,IND,India,0.48,2014,9
2014,3,23032000,10,249,SP,1,817800,26416,26416,1117,CORNCOPRODUCTS,USA,United States,26.416,2014,3
2014,4,23031000,10,586,PR,7,145100,52000,52000,42512,CORNCOPRODUCTS,PRY,Paraguay,52.0,2014,4
2014,1,23032000,10,249,SP,4,817600,11320,11320,482,CORNCOPRODUCTS,USA,United States,11.32,2014,1
2014,10,23032000,10,023,GO,1,817800,262120,262120,174687,CORNCOPRODUCTS,DEU,Germany,262.12,2014,10
2014,12,23031000,10,063,MN,7,1010900,300,300,3897,CORNCOPRODUCTS,ARG,Argentina,0.3,2014,12
2014,12,23032000,10,275,SP,1,817800,20000,20000,22040,CORNCOPRODUCTS,FRA,France,20.0,2014,12
2015,2,23032000,10,249,PR,4,915200,3,3,3,CORNCOPRODUCTS,USA,United States,0.003,2015,2
2015,6,23032000,10,249,AL,4,817700,24573,24573,258,CORNCOPRODUCTS,USA,United States,24.573,2015,6
2015,8,23032000,10,249,MN,4,817600,994,994,4475,CORNCOPRODUCTS,USA,United States,0.994,2015,8
2015,5,23032000,10,169,SP,1,817800,3000,3000,6900,CORNCOPRODUCTS,COL,Colombia,3.0,2015,5
2015,8,23031000,10,249,SP,1,817800,380,380,4906,CORNCOPRODUCTS,USA,United States,0.38,2015,8
2015,4,23032000,10,764,AL,4,817700,2298,2298,946,CORNCOPRODUCTS,SWE,Sweden,2.298,2015,4
2016,5,23033000,10,023,SP,4,817600,50,50,109,CORNCOPRODUCTS,DEU,Germany,0.05,2016,5
2016,8,23032000,10,023,SP,1,817800,32,32,30000,CORNCOPRODUCTS,DEU,Germany,0.032,2016,8
2016,8,23031000,10,040,RS,1,1017700,900,900,1361,CORNCOPRODUCTS,AGO,Angola,0.9,2016,8
2016,3,23032000,10,023,SP,1,817800,11000,11000,9000,CORNCOPRODUCTS,DEU,Germany,11.0,2016,3
2017,11,23031000,10,160,RJ,1,717600,11206,11206,12765,CORNCOPRODUCTS,CHN,China,11.206,2017,11
2017,7,23032000,10,023,SP,4,817700,3030,3030,249,CORNCOPRODUCTS,DEU,Germany,3.03,2017,7
2017,1,23031000,10,589,SP,1,817800,2400,2400,2487,CORNCOPRODUCTS,PER,Peru,2.4,2017,1
2017,11,23032000,10,023,MG,4,817600,292,292,34,CORNCOPRODUCTS,DEU,Germany,0.292,2017,11
2017,6,23032000,10,023,SP,1,817800,15000,15000,25659,CORNCOPRODUCTS,DEU,Germany,15.0,2017,6
2018,11,23032000,10,023,MG,4,817600,190,190,11,CORNCOPRODUCTS,DEU,Germany,0.19,2018,11
2018,12,23031000,10,431,PA,1,217800,14640,15,2591,CORNCOPRODUCTS,LBN,Lebanon,0.015,2018,12
2018,8,23031000,10,267,CE,9,317900,1,1,18,CORNCOPRODUCTS,PHL,Philippines,0.001,2018,8
2018,7,23032000,10,573,SP,4,817600,1000,1000,13,CORNCOPRODUCTS,NLD,Netherlands,1.0,2018,7
2018,11,23032000,10,580,PR,1,917800,20,20,47,CORNCOPRODUCTS,PAN,Panama,0.02,2018,11
2018,12,23031000,10,249,SP,4,817600,249,249,125,CORNCOPRODUCTS,USA,United States,0.249,2018,12
2018,5,23031000,10,160,RJ,1,717600,11206,11206,12765,CORNCOPRODUCTS,CHN,China,11.206,2018,5
2018,12,23032000,10,573,SP,1,817800,9836309,9836309,1732376,CORNCOPRODUCTS,NLD,Netherlands,9836.309,2018,12
2019,8,23031000,10,240,PA,1,217800,51080,51080,9910,CORNCOPRODUCTS,EGY,Egypt,51.08,2019,8
2019,6,23031000,10,023,SP,4,817700,328,328,164,CORNCOPRODUCTS,DEU,Germany,0.328,2019,6
2019,9,23031000,10,741,SP,4,817700,4,4,2,CORNCOPRODUCTS,SGP,Singapore,0.004,2019,9
2019,4,23032000,10,158,SP,7,1017500,4,4,8,CORNCOPRODUCTS,CHL,Chile,0.004,2019,4
2019,5,23031000,10,573,CE,1,317900,1,1,14,CORNCOPRODUCTS,NLD,Netherlands,0.001,2019,5
2019,10,23031000,10,845,SP,1,917800,68488,68488,83938,CORNCOPRODUCTS,URY,Uruguay,68.488,2019,10
2019,5,23031000,10,434,CE,1,317900,1,1,19,CORNCOPRODUCTS,LBR,Liberia,0.001,2019,5
2019,9,23031000,10,386,SP,4,817700,10,10,5,CORNCOPRODUCTS,ITA,Italy,0.01,2019,9
2019,9,23031000,10,845,SP,7,1010252,19380,19380,19854,CORNCOPRODUCTS,URY,Uruguay,19.38,2019,9
2019,6,23031000,10,431,PA,1,217800,12300,12300,2177,CORNCOPRODUCTS,LBN,Lebanon,12.3,2019,6
2019,3,23032000,10,149,SP,4,817600,18,18,8,CORNCOPRODUCTS,CAN,Canada,0.018,2019,3
2019,7,23031000,10,160,SP,4,817700,49,49,24,CORNCOPRODUCTS,CHN,China,0.049,2019,7
2019,1,23031000,10,160,RJ,1,717800,11609,11609,12373,CORNCOPRODUCTS,CHN,China,11.609,2019,1
2019,12,23033000,10,249,SP,4,817600,5,5,1,CORNCOPRODUCTS,USA,United States,0.005,2019,12
2019,12,23031000,10,169,SP,1,917800,17075,17075,25952,CORNCOPRODUCTS,COL,Colombia,17.075,2019,12
2019,5,23032000,10,399,SP,4,817600,5,5,3,CORNCOPRODUCTS,JPN,Japan,0.005,2019,5
2019,6,23031000,10,190,SP,1,817800,35545,35545,45544,CORNCOPRODUCTS,KOR,South Korea,35.545,2019,6
2019,9,23031000,10,069,SP,4,817600,13,13,7,CORNCOPRODUCTS,AUS,Australia,0.013,2019,9
2019,6,23031000,10,240,PA,1,217800,39500,39500,8291,CORNCOPRODUCTS,EGY,Egypt,39.5,2019,6
2019,11,23031000,10,827,PA,1,217800,11600,11600,2053,CORNCOPRODUCTS,TUR,Turkey,11.6,2019,11
2019,7,23031000,10,764,SP,1,817800,35424,35424,41998,CORNCOPRODUCTS,SWE,Sweden,35.424,2019,7
2019,8,23031000,10,160,RJ,1,717800,23201,23201,23706,CORNCOPRODUCTS,CHN,China,23.201,2019,8
2019,5,23031000,10,160,SP,4,817600,160,160,43,CORNCOPRODUCTS,CHN,China,0.16,2019,5
2019,10,23031000,10,169,RJ,1,717600,11012,11012,11596,CORNCOPRODUCTS,COL,Colombia,11.012,2019,10
2019,9,23031000,10,160,SP,4,817700,39,39,20,CORNCOPRODUCTS,CHN,China,0.039,2019,9
2019,7,23031000,10,087,SP,1,817800,53136,53136,70450,CORNCOPRODUCTS,BEL,Belgium,53.136,2019,7
2019,11,23031000,10,240,PA,1,217800,24260,24260,5216,CORNCOPRODUCTS,EGY,Egypt,24.26,2019,11
2019,8,23031000,10,647,SP,1,917800,18286,18286,20907,CORNCOPRODUCTS,DOM,Dominican Republic,18.286,2019,8
2019,2,23031000,10,431,PA,1,217800,27360,27360,6019,CORNCOPRODUCTS,LBN,Lebanon,27.36,2019,2
2019,9,23031000,10,431,PA,1,217800,69940,69940,12380,CORNCOPRODUCTS,LBN,Lebanon,69.94,2019,9
2019,9,23031000,10,586,SP,7,917500,5616,5616,4752,CORNCOPRODUCTS,PRY,Paraguay,5.616,2019,9
2019,9,23031000,10,240,PA,1,217800,23340,23340,4878,CORNCOPRODUCTS,EGY,Egypt,23.34,2019,9
2019,2,23031000,10,240,PA,1,217800,27680,27680,4899,CORNCOPRODUCTS,EGY,Egypt,27.68,2019,2
2019,12,23031000,10,845,SP,1,917800,17121,17121,19731,CORNCOPRODUCTS,URY,Uruguay,17.121,2019,12
2019,12,23031000,10,160,SP,1,917800,16925,16925,14651,CORNCOPRODUCTS,CHN,China,16.925,2019,12
2019,8,23031000,10,245,SP,4,817700,16,16,5,CORNCOPRODUCTS,ESP,Spain,0.016,2019,8
2019,8,23031000,10,063,SP,7,1017500,19380,19380,20480,CORNCOPRODUCTS,ARG,Argentina,19.38,2019,8
2019,10,23031000,10,764,SP,1,817800,17121,17121,22029,CORNCOPRODUCTS,SWE,Sweden,17.121,2019,10
2019,11,23031000,10,249,RJ,1,717800,23184,23184,24142,CORNCOPRODUCTS,USA,United States,23.184,2019,11
2019,7,23031000,10,467,CE,1,317900,4,4,79,CORNCOPRODUCTS,MLT,Malta,0.004,2019,7
2019,10,23031000,10,573,SP,4,817600,10,10,5,CORNCOPRODUCTS,NLD,Netherlands,0.01,2019,10
2019,5,23031000,10,764,SP,1,817800,18270,18270,22150,CORNCOPRODUCTS,SWE,Sweden,18.27,2019,5
2019,3,23031000,10,240,PA,1,217800,43700,43700,9221,CORNCOPRODUCTS,EGY,Egypt,43.7,2019,3
2019,5,23031000,10,160,RJ,1,817800,23202,23202,23706,CORNCOPRODUCTS,CHN,China,23.202,2019,5
2019,4,23031000,10,431,PA,1,217800,13240,13240,2343,CORNCOPRODUCTS,LBN,Lebanon,13.24,2019,4
2019,12,23031000,10,467,CE,1,317900,1,1,23,CORNCOPRODUCTS,MLT,Malta,0.001,2019,12
2019,8,23031000,10,158,SP,4,817700,14,14,3,CORNCOPRODUCTS,CHL,Chile,0.014,2019,8
2019,1,23031000,10,403,PA,1,217800,14280,14280,2528,CORNCOPRODUCTS,JOR,Jordan,14.28,2019,1
2019,9,23031000,10,196,SP,4,817600,13,13,7,CORNCOPRODUCTS,CRI,Costa Rica,0.013,2019,9
2019,9,23031000,10,149,SP,4,817600,13,13,7,CORNCOPRODUCTS,CAN,Canada,0.013,2019,9
2019,8,23032000,10,023,MG,1,817800,2036,2036,43,CORNCOPRODUCTS,DEU,Germany,2.036,2019,8
2019,11,23032000,10,607,SP,4,817600,3,3,1,CORNCOPRODUCTS,PRT,Portugal,0.003,2019,11
2019,8,23031000,10,160,SP,4,817700,16,16,5,CORNCOPRODUCTS,CHN,China,0.016,2019,8
2020,2,23031000,10,160,SP,1,917800,34244,34244,33083,CORNCOPRODUCTS,CHN,China,34.244,2020,2
2020,8,23031000,10,240,PA,1,217800,40360,40360,4869,CORNCOPRODUCTS,EGY,Egypt,40.36,2020,8
2020,3,23033000,10,249,MG,4,817600,24,24,95,CORNCOPRODUCTS,USA,United States,0.024,2020,3
2020,5,23032000,10,573,SP,1,817800,40149120,40149120,7407103,CORNCOPRODUCTS,NLD,Netherlands,40149.12,2020,5
2020,10,23031000,10,275,CE,1,317900,2,2,64,CORNCOPRODUCTS,FRA,France,0.002,2020,10
2020,8,23031000,10,249,SP,1,817800,200,200,38,CORNCOPRODUCTS,USA,United States,0.2,2020,8
2020,1,23032000,10,023,SP,1,817800,1100,1100,0,CORNCOPRODUCTS,DEU,Germany,1.1,2020,1
2020,12,23031000,10,077,CE,1,317900,1,1,15,CORNCOPRODUCTS,BHS,Bahamas,0.001,2020,12
2020,7,23031000,10,043,CE,1,317900,0,0,9,CORNCOPRODUCTS,ATG,Antigua and Barbuda,0.0,2020,7
2020,9,23032000,10,275,SP,1,817800,8000,8000,5686,CORNCOPRODUCTS,FRA,France,8.0,2020,9
2020,4,23031000,10,623,SP,1,917800,7019,7019,11500,CORNCOPRODUCTS,KEN,Kenya,7.019,2020,4
2020,2,23031000,10,240,PA,1,217800,36980,36980,7903,CORNCOPRODUCTS,EGY,Egypt,36.98,2020,2
2020,8,23031000,10,845,SP,1,817800,34242,34242,40803,CORNCOPRODUCTS,URY,Uruguay,34.242,2020,8
2020,8,23031000,10,573,SP,1,917800,17122,17122,15282,CORNCOPRODUCTS,NLD,Netherlands,17.122,2020,8
2020,8,23032000,10,399,SP,1,817800,21000,21000,6685,CORNCOPRODUCTS,JPN,Japan,21.0,2020,8
2020,4,23031000,10,160,RJ,1,717800,22897,22897,24180,CORNCOPRODUCTS,CHN,China,22.897,2020,4
2020,1,23031000,10,097,SP,7,147600,7505,7505,7590,CORNCOPRODUCTS,BOL,Bolivia,7.505,2020,1
2020,7,23031000,10,467,CE,1,317900,1,1,32,CORNCOPRODUCTS,MLT,Malta,0.001,2020,7
2020,11,23031000,10,467,CE,1,317900,1,1,8,CORNCOPRODUCTS,MLT,Malta,0.001,2020,11
2020,2,23031000,10,196,SP,1,917800,17121,17121,21297,CORNCOPRODUCTS,CRI,Costa Rica,17.121,2020,2
2020,6,23032000,10,607,SP,4,817600,20,20,6,CORNCOPRODUCTS,PRT,Portugal,0.02,2020,6
2020,12,23031000,10,845,SP,1,917800,17122,17122,39254,CORNCOPRODUCTS,URY,Uruguay,17.122,2020,12
2020,8,23032000,10,275,SP,1,817800,8000,8000,5647,CORNCOPRODUCTS,FRA,France,8.0,2020,8
2020,10,23031000,10,249,SP,1,917800,34427,34427,32292,CORNCOPRODUCTS,USA,United States,34.427,2020,10
2020,1,23031000,10,190,SP,1,917800,18000,18000,22454,CORNCOPRODUCTS,KOR,South Korea,18.0,2020,1
2020,10,23033000,10,607,SP,4,817600,10,10,2,CORNCOPRODUCTS,PRT,Portugal,0.01,2020,10
2020,8,23032000,10,607,SP,4,817600,10,10,2,CORNCOPRODUCTS,PRT,Portugal,0.01,2020,8
2020,8,23031000,10,586,SP,7,917500,10314,10314,8740,CORNCOPRODUCTS,PRY,Paraguay,10.314,2020,8
2020,10,23031000,10,845,SP,1,917800,67434,67434,63464,CORNCOPRODUCTS,URY,Uruguay,67.434,2020,10
2020,10,23031000,10,160,RJ,1,717800,45722,45722,50400,CORNCOPRODUCTS,CHN,China,45.722,2020,10
2020,7,23032000,10,628,SP,1,817800,9960,9960,1096,CORNCOPRODUCTS,GBR,United Kingdom,9.96,2020,7
2020,9,23033000,10,607,SP,4,817600,10,10,2,CORNCOPRODUCTS,PRT,Portugal,0.01,2020,9
2020,8,23033000,10,607,SP,4,817600,10,10,2,CORNCOPRODUCTS,PRT,Portugal,0.01,2020,8
2020,12,23032000,10,190,SP,1,817800,21000,21000,6685,CORNCOPRODUCTS,KOR,South Korea,21.0,2020,12
2020,3,23031000,10,431,SP,1,917800,7045,7045,11277,CORNCOPRODUCTS,LBN,Lebanon,7.045,2020,3
2020,9,23031000,10,169,RJ,1,717600,11544,11544,9921,CORNCOPRODUCTS,COL,Colombia,11.544,2020,9
2020,8,23031000,10,827,PA,1,217800,19080,19080,1786,CORNCOPRODUCTS,TUR,Turkey,19.08,2020,8
2020,12,23033000,10,586,PR,7,917500,65600,65600,5257,CORNCOPRODUCTS,PRY,Paraguay,65.6,2020,12
2020,7,23033000,10,607,SP,4,817600,10,10,2,CORNCOPRODUCTS,PRT,Portugal,0.01,2020,7
2020,10,23031000,10,369,PA,1,217800,41620,41620,4571,CORNCOPRODUCTS,IRQ,Iraq,41.62,2020,10
2020,3,23031000,10,053,PA,1,217800,52160,52160,9232,CORNCOPRODUCTS,SAU,Saudi Arabia,52.16,2020,3
2020,2,23031000,10,589,SP,1,917800,6829,6829,11687,CORNCOPRODUCTS,PER,Peru,6.829,2020,2
2020,7,23032000,10,607,SP,4,817600,20,20,6,CORNCOPRODUCTS,PRT,Portugal,0.02,2020,7
2020,3,23031000,10,053,SP,1,917800,17121,17121,18487,CORNCOPRODUCTS,SAU,Saudi Arabia,17.121,2020,3
2020,9,23031000,10,573,SP,1,917800,17122,17122,15177,CORNCOPRODUCTS,NLD,Netherlands,17.122,2020,9
2020,5,23031000,10,741,SP,1,917800,17121,17121,16443,CORNCOPRODUCTS,SGP,Singapore,17.121,2020,5
2020,8,23031000,10,160,RJ,1,717800,45722,45722,50400,CORNCOPRODUCTS,CHN,China,45.722,2020,8
2020,5,23031000,10,434,CE,1,317900,5,5,108,CORNCOPRODUCTS,LBR,Liberia,0.005,2020,5
2020,1,23032000,10,573,SP,1,817800,2000,2000,0,CORNCOPRODUCTS,NLD,Netherlands,2.0,2020,1
2020,11,23031000,10,767,SP,1,917800,7019,7019,8303,CORNCOPRODUCTS,CHE,Switzerland,7.019,2020,11
2020,6,23031000,10,249,SP,1,917800,17121,17121,20115,CORNCOPRODUCTS,USA,United States,17.121,2020,6
2020,10,23032000,10,607,SP,4,817600,10,10,2,CORNCOPRODUCTS,PRT,Portugal,0.01,2020,10
2020,9,23031000,10,249,SP,1,917800,17122,17122,16600,CORNCOPRODUCTS,USA,United States,17.122,2020,9
2020,10,23032000,10,275,SP,1,817800,8000,8000,5619,CORNCOPRODUCTS,FRA,France,8.0,2020,10
2020,8,23031000,10,369,PA,1,217800,26940,26940,3123,CORNCOPRODUCTS,IRQ,Iraq,26.94,2020,8
2020,10,23031000,10,240,PA,1,217800,38920,38920,4566,CORNCOPRODUCTS,EGY,Egypt,38.92,2020,10
2020,2,23031000,10,431,PA,1,217800,13220,13220,2340,CORNCOPRODUCTS,LBN,Lebanon,13.22,2020,2
2020,4,23031000,10,249,SP,1,917800,34716,34716,37964,CORNCOPRODUCTS,USA,United States,34.716,2020,4
2020,7,23031000,10,573,SP,1,917800,17122,17122,15582,CORNCOPRODUCTS,NLD,Netherlands,17.122,2020,7
2020,9,23032000,10,607,SP,4,817600,10,10,2,CORNCOPRODUCTS,PRT,Portugal,0.01,2020,9
2020,4,23031000,10,053,PA,1,217800,25140,25140,2372,CORNCOPRODUCTS,SAU,Saudi Arabia,25.14,2020,4
2020,11,23031000,10,077,CE,1,317900,3,3,54,CORNCOPRODUCTS,BHS,Bahamas,0.003,2020,11
2020,6,23031000,10,240,PA,1,217800,18680,18680,1877,CORNCOPRODUCTS,EGY,Egypt,18.68,2020,6
2020,6,23031000,10,573,SP,1,917800,17122,17122,17833,CORNCOPRODUCTS,NLD,Netherlands,17.122,2020,6
2020,7,23031000,10,249,SP,1,917800,17358,17358,18945,CORNCOPRODUCTS,USA,United States,17.358,2020,7
2020,11,23033000,10,586,PR,7,917500,32000,32000,2564,CORNCOPRODUCTS,PRY,Paraguay,32.0,2020,11
2020,8,23031000,10,845,SP,1,917800,17121,17121,16620,CORNCOPRODUCTS,URY,Uruguay,17.121,2020,8
2020,8,23031000,10,053,PA,1,217800,39420,39420,4481,CORNCOPRODUCTS,SAU,Saudi Arabia,39.42,2020,8
2020,12,23032000,10,607,SP,4,817600,2,2,0,CORNCOPRODUCTS,PRT,Portugal,0.002,2020,12
2020,3,23031000,10,198,SP,1,917800,17121,17121,21637,CORNCOPRODUCTS,KWT,Kuwait,17.121,2020,3
2020,5,23032000,10,072,SP,4,817700,3,3,2,CORNCOPRODUCTS,AUT,Austria,0.003,2020,5
2020,10,23031000,10,431,PA,1,217800,43620,43620,6151,CORNCOPRODUCTS,LBN,Lebanon,43.62,2020,10
2020,7,23032000,10,077,CE,1,317900,8,8,29,CORNCOPRODUCTS,BHS,Bahamas,0.008,2020,7
2020,11,23032000,10,063,SP,7,1017500,12000,12000,11760,CORNCOPRODUCTS,ARG,Argentina,12.0,2020,11
2020,6,23033000,10,607,SP,4,817600,10,10,2,CORNCOPRODUCTS,PRT,Portugal,0.01,2020,6
2021,6,23031000,10,275,SP,1,917800,34244,34244,33043,CORNCOPRODUCTS,FRA,France,34.244,2021,6
2021,9,23031000,10,858,PA,1,217800,36580,36580,6931,CORNCOPRODUCTS,VNM,Vietnam,36.58,2021,9
2021,2,23032000,10,275,CE,1,317900,12,12,37,CORNCOPRODUCTS,FRA,France,0.012,2021,2
2021,6,23033000,10,249,MG,1,717600,24,24,149,CORNCOPRODUCTS,USA,United States,0.024,2021,6
2021,5,23032000,10,628,SP,1,917800,22717120,22717120,2726054,CORNCOPRODUCTS,GBR,United Kingdom,22717.12,2021,5
2021,6,23031000,10,434,CE,1,317900,1,1,21,CORNCOPRODUCTS,LBR,Liberia,0.001,2021,6
2021,10,23032000,10,628,SP,1,817800,1788410,1788410,293246,CORNCOPRODUCTS,GBR,United Kingdom,1788.41,2021,10
2021,12,23031000,10,431,PA,1,217800,67740,67740,7392,CORNCOPRODUCTS,LBN,Lebanon,67.74,2021,12
2021,4,23031000,10,573,CE,1,317900,1,1,21,CORNCOPRODUCTS,NLD,Netherlands,0.001,2021,4
2021,4,23032000,10,275,SP,1,817800,6000,6000,4312,CORNCOPRODUCTS,FRA,France,6.0,2021,4
2021,10,23031000,10,053,PA,1,217800,26060,26060,3594,CORNCOPRODUCTS,SAU,Saudi Arabia,26.06,2021,10
2021,3,23032000,10,275,SP,1,817800,16000,16000,11307,CORNCOPRODUCTS,FRA,France,16.0,2021,3
2021,5,23031000,10,845,SP,7,1010252,6797,6797,5735,CORNCOPRODUCTS,URY,Uruguay,6.797,2021,5
2021,10,23031000,10,249,PR,1,817800,20360,20360,12023,CORNCOPRODUCTS,USA,United States,20.36,2021,10
2021,12,23031000,10,249,PR,1,817800,16120,16120,9542,CORNCOPRODUCTS,USA,United States,16.12,2021,12
2021,4,23031000,10,097,SP,7,147600,5642,5642,5597,CORNCOPRODUCTS,BOL,Bolivia,5.642,2021,4
2021,5,23031000,10,573,CE,1,317900,0,0,9,CORNCOPRODUCTS,NLD,Netherlands,0.0,2021,5
2021,10,23031000,10,845,SP,7,1017701,3070,3070,2686,CORNCOPRODUCTS,URY,Uruguay,3.07,2021,10
2021,2,23031000,10,249,PR,1,817800,16084,16084,9327,CORNCOPRODUCTS,USA,United States,16.084,2021,2
2021,7,23032000,10,023,ND,4,817600,500,500,118,CORNCOPRODUCTS,DEU,Germany,0.5,2021,7
2021,3,23031000,10,476,CE,1,420154,1,1,29,CORNCOPRODUCTS,MHL,Marshall Islands,0.001,2021,3
2021,9,23032000,10,628,SP,1,817800,209900,209900,36930,CORNCOPRODUCTS,GBR,United Kingdom,209.9,2021,9
2021,7,23032000,10,063,SP,7,1017500,12000,12000,13440,CORNCOPRODUCTS,ARG,Argentina,12.0,2021,7
2021,6,23031000,10,043,CE,1,317900,1,1,16,CORNCOPRODUCTS,ATG,Antigua and Barbuda,0.001,2021,6
2021,3,23031000,10,158,SP,1,927700,17121,17121,17256,CORNCOPRODUCTS,CHL,Chile,17.121,2021,3
2021,1,23033000,10,586,PR,7,917500,35140,35140,3061,CORNCOPRODUCTS,PRY,Paraguay,35.14,2021,1
2021,8,23031000,10,097,SP,7,147600,6816,6816,6740,CORNCOPRODUCTS,BOL,Bolivia,6.816,2021,8
2021,10,23032000,10,063,SP,7,1017500,12000,12000,13680,CORNCOPRODUCTS,ARG,Argentina,12.0,2021,10
2021,1,23032000,10,628,SP,1,917800,19916925,19916925,2629034,CORNCOPRODUCTS,GBR,United Kingdom,19916.925,2021,1
2021,11,23032000,10,275,SP,1,817800,10000,10000,7762,CORNCOPRODUCTS,FRA,France,10.0,2021,11
2021,11,23031000,10,249,SP,4,817600,6065,6065,4216,CORNCOPRODUCTS,USA,United States,6.065,2021,11
2021,7,23031000,10,077,CE,1,317900,3,3,58,CORNCOPRODUCTS,BHS,Bahamas,0.003,2021,7
2021,5,23032000,10,573,SP,4,817600,53,53,265,CORNCOPRODUCTS,NLD,Netherlands,0.053,2021,5
2021,6,23031000,10,586,SP,7,917500,12202,12202,12095,CORNCOPRODUCTS,PRY,Paraguay,12.202,2021,6
2021,4,23033000,10,249,MG,1,717600,10,10,56,CORNCOPRODUCTS,USA,United States,0.01,2021,4
2021,2,23032000,10,063,SP,7,1017500,12000,12000,11760,CORNCOPRODUCTS,ARG,Argentina,12.0,2021,2
2021,4,23032000,10,063,SP,7,1017500,12000,12000,11760,CORNCOPRODUCTS,ARG,Argentina,12.0,2021,4
2021,2,23031000,10,586,SP,7,917500,12202,12202,12095,CORNCOPRODUCTS,PRY,Paraguay,12.202,2021,2
2021,5,23031000,10,767,SP,1,917800,17122,17122,14251,CORNCOPRODUCTS,CHE,Switzerland,17.122,2021,5
2021,12,23032000,10,063,SP,7,1017500,12000,12000,13680,CORNCOPRODUCTS,ARG,Argentina,12.0,2021,12
2021,7,23033000,10,275,SP,4,817600,20,20,1155,CORNCOPRODUCTS,FRA,France,0.02,2021,7
2021,4,23031000,10,249,PR,1,817800,20000,20000,11650,CORNCOPRODUCTS,USA,United States,20.0,2021,4
2021,7,23032000,10,023,SP,4,817600,227,225,43,CORNCOPRODUCTS,DEU,Germany,0.225,2021,7
2021,3,23032000,10,063,SP,7,1017500,12000,12000,11760,CORNCOPRODUCTS,ARG,Argentina,12.0,2021,3
2021,7,23032000,10,023,ND,4,717700,550,550,55,CORNCOPRODUCTS,DEU,Germany,0.55,2021,7
2022,10,23032000,10,325,AP,9,240151,82,82,88,CORNCOPRODUCTS,GUF,French Guyana,0.082,2022,10
2022,8,23032000,10,063,SP,7,1017500,12000,12000,15000,CORNCOPRODUCTS,ARG,Argentina,12.0,2022,8
2022,11,23032000,10,169,SP,4,817700,1000,1000,1630,CORNCOPRODUCTS,COL,Colombia,1.0,2022,11
2022,6,23031000,10,369,PA,1,217800,47960,47960,8902,CORNCOPRODUCTS,IRQ,Iraq,47.96,2022,6
2022,12,23032000,10,023,ND,4,717700,1313,1313,120,CORNCOPRODUCTS,DEU,Germany,1.313,2022,12
2022,10,23032000,10,169,SP,4,817700,2000,2000,3220,CORNCOPRODUCTS,COL,Colombia,2.0,2022,10
2022,9,23031000,10,249,SP,4,817600,2750,2750,110,CORNCOPRODUCTS,USA,United States,2.75,2022,9
2022,9,23032000,10,169,SP,4,817700,2000,2000,3060,CORNCOPRODUCTS,COL,Colombia,2.0,2022,9
2022,8,23031000,10,249,PR,1,817800,19000,19000,10450,CORNCOPRODUCTS,USA,United States,19.0,2022,8
2022,11,23031000,10,403,PA,1,217800,58560,58560,8194,CORNCOPRODUCTS,JOR,Jordan,58.56,2022,11
2022,8,23031000,10,369,PA,1,217800,31960,47840,7642,CORNCOPRODUCTS,IRQ,Iraq,47.84,2022,8
2022,12,23032000,10,325,AP,9,240151,36,36,75,CORNCOPRODUCTS,GUF,French Guyana,0.036,2022,12
2022,2,23031000,10,053,PA,1,217800,43040,43040,4946,CORNCOPRODUCTS,SAU,Saudi Arabia,43.04,2022,2
2022,3,23032000,10,361,SP,4,817700,13,13,63,CORNCOPRODUCTS,IND,India,0.013,2022,3
2022,2,23031000,10,369,PA,1,217800,14580,14580,2232,CORNCOPRODUCTS,IRQ,Iraq,14.58,2022,2
2022,5,23031000,10,249,PR,1,917800,10280,10280,2056,CORNCOPRODUCTS,USA,United States,10.28,2022,5
2022,8,23032000,10,169,SP,1,817800,2000,2000,3020,CORNCOPRODUCTS,COL,Colombia,2.0,2022,8
2022,6,23031000,10,403,PA,1,217800,59840,59840,10636,CORNCOPRODUCTS,JOR,Jordan,59.84,2022,6
2022,3,23032000,10,169,SP,1,817800,2000,2000,2960,CORNCOPRODUCTS,COL,Colombia,2.0,2022,3
2022,5,23032000,10,399,SP,4,817600,50,50,4,CORNCOPRODUCTS,JPN,Japan,0.05,2022,5
2022,11,23032000,10,325,AP,9,240151,110,110,104,CORNCOPRODUCTS,GUF,French Guyana,0.11,2022,11
2022,6,23032000,10,169,SP,1,817800,3000,3000,4610,CORNCOPRODUCTS,COL,Colombia,3.0,2022,6
2022,7,23032000,10,023,MG,1,817800,2360,2360,20,CORNCOPRODUCTS,DEU,Germany,2.36,2022,7
2022,3,23031000,10,249,PR,1,817800,16092,16092,8850,CORNCOPRODUCTS,USA,United States,16.092,2022,3
2022,4,23031000,10,249,PR,1,817800,16120,16120,9542,CORNCOPRODUCTS,USA,United States,16.12,2022,4
2022,2,23032000,10,063,SP,7,1017500,12000,12000,14760,CORNCOPRODUCTS,ARG,Argentina,12.0,2022,2
2022,12,23031000,10,369,PA,1,217800,60960,60960,8058,CORNCOPRODUCTS,IRQ,Iraq,60.96,2022,12
2022,6,23032000,10,063,SP,7,1017500,12000,12000,14760,CORNCOPRODUCTS,ARG,Argentina,12.0,2022,6
2022,2,23031000,10,249,PR,1,817800,16120,16120,9542,CORNCOPRODUCTS,USA,United States,16.12,2022,2
2022,5,23032000,10,573,SP,4,817600,2,2,0,CORNCOPRODUCTS,NLD,Netherlands,0.002,2022,5
2022,10,23032000,10,063,SP,7,1017500,12000,12000,15000,CORNCOPRODUCTS,ARG,Argentina,12.0,2022,10
2022,4,23031000,10,369,PA,1,217800,31960,31960,5672,CORNCOPRODUCTS,IRQ,Iraq,31.96,2022,4
2022,9,23032000,10,275,SP,4,817700,0,0,9,CORNCOPRODUCTS,FRA,France,0.0,2022,9
2022,12,23032000,10,063,SP,7,1017500,12000,12000,15960,CORNCOPRODUCTS,ARG,Argentina,12.0,2022,12
2022,3,23031000,10,369,PA,1,217800,40560,40560,6451,CORNCOPRODUCTS,IRQ,Iraq,40.56,2022,3
2022,11,23032000,10,764,SP,4,817700,920,920,1417,CORNCOPRODUCTS,SWE,Sweden,0.92,2022,11
2022,9,23032000,10,325,AP,9,240151,87,87,230,CORNCOPRODUCTS,GUF,French Guyana,0.087,2022,9
2023,5,23031000,10,474,PA,1,217800,53280,53280,7866,CORNCOPRODUCTS,MAR,Morocco,53.28,2023,5
2023,11,23031000,10,369,PA,1,217800,136680,136680,20465,CORNCOPRODUCTS,IRQ,Iraq,136.68,2023,11
2023,1,23032000,10,169,SP,4,817700,2000,2000,3220,CORNCOPRODUCTS,COL,Colombia,2.0,2023,1
2023,9,23031000,10,431,PA,1,217800,265240,265240,39021,CORNCOPRODUCTS,LBN,Lebanon,265.24,2023,9
2023,8,23031000,10,827,PA,1,217800,79820,79820,12217,CORNCOPRODUCTS,TUR,Turkey,79.82,2023,8
2023,5,23031000,10,431,PA,1,217800,106470,106470,19228,CORNCOPRODUCTS,LBN,Lebanon,106.47,2023,5
2023,2,23032000,10,325,AP,15,240151,918,918,2980,CORNCOPRODUCTS,GUF,French Guyana,0.918,2023,2
2023,3,23032000,10,325,AP,15,240151,698,698,2018,CORNCOPRODUCTS,GUF,French Guyana,0.698,2023,3
2023,1,23031000,10,369,PA,1,217800,62960,62960,8350,CORNCOPRODUCTS,IRQ,Iraq,62.96,2023,1
2023,2,23031000,10,586,PR,7,147700,214270,214270,44997,CORNCOPRODUCTS,PRY,Paraguay,214.27,2023,2
2023,8,23031000,10,059,PA,1,217800,58520,58520,8909,CORNCOPRODUCTS,DZA,Algeria,58.52,2023,8
2023,7,23032000,10,325,AP,15,240151,1202,1202,3985,CORNCOPRODUCTS,GUF,French Guyana,1.202,2023,7
2023,4,23032000,10,023,SP,4,817600,104,104,10,CORNCOPRODUCTS,DEU,Germany,0.104,2023,4
2023,6,23031000,10,369,PA,1,217800,58170,58170,8884,CORNCOPRODUCTS,IRQ,Iraq,58.17,2023,6
2023,10,23031000,10,369,PA,1,217800,159260,159260,22720,CORNCOPRODUCTS,IRQ,Iraq,159.26,2023,10
2023,9,23032000,10,169,SP,1,817800,2000,2000,3360,CORNCOPRODUCTS,COL,Colombia,2.0,2023,9
2023,1,23031000,10,431,PA,1,217800,77020,77020,10193,CORNCOPRODUCTS,LBN,Lebanon,77.02,2023,1
2023,3,23032000,10,063,SP,7,1017500,12000,12000,15960,CORNCOPRODUCTS,ARG,Argentina,12.0,2023,3
2023,7,23032000,10,063,SP,7,1017500,12000,12000,16320,CORNCOPRODUCTS,ARG,Argentina,12.0,2023,7
2023,5,23032000,10,325,AP,15,240151,500,500,1628,CORNCOPRODUCTS,GUF,French Guyana,0.5,2023,5
2023,6,23032000,10,325,AP,15,240151,400,400,1391,CORNCOPRODUCTS,GUF,French Guyana,0.4,2023,6
2023,2,23032000,10,249,SP,4,817700,24,24,2975,CORNCOPRODUCTS,USA,United States,0.024,2023,2
2023,9,23032000,10,149,SP,4,817600,120,120,150,CORNCOPRODUCTS,CAN,Canada,0.12,2023,9
2023,10,23031000,10,431,PA,1,217800,64520,64520,9675,CORNCOPRODUCTS,LBN,Lebanon,64.52,2023,10
2023,9,23031000,10,369,PA,1,217800,43920,43920,6555,CORNCOPRODUCTS,IRQ,Iraq,43.92,2023,9
2023,8,23032000,10,023,PR,4,817600,1060,1060,1632,CORNCOPRODUCTS,DEU,Germany,1.06,2023,8
2023,3,23032000,10,770,RR,7,260152,7500,7500,7577,CORNCOPRODUCTS,SUR,Suriname,7.5,2023,3
2023,7,23031000,10,275,SP,4,817700,900,900,900,CORNCOPRODUCTS,FRA,France,0.9,2023,7
2023,5,23031000,10,827,PA,1,217800,92360,92360,13328,CORNCOPRODUCTS,TUR,Turkey,92.36,2023,5
2023,8,23032000,10,169,SP,1,817800,2000,2000,3300,CORNCOPRODUCTS,COL,Colombia,2.0,2023,8
2023,8,23031000,10,369,PA,1,217800,54640,54640,8222,CORNCOPRODUCTS,IRQ,Iraq,54.64,2023,8
2023,12,23031000,10,431,PA,1,217800,105420,105420,15744,CORNCOPRODUCTS,LBN,Lebanon,105.42,2023,12
2023,1,23032000,10,325,AP,15,240151,214,214,559,CORNCOPRODUCTS,GUF,French Guyana,0.214,2023,1
2023,10,23032000,10,169,SP,1,817800,5000,5000,8400,CORNCOPRODUCTS,COL,Colombia,5.0,2023,10
2023,4,23032000,10,386,SP,1,817800,2000,2000,2008,CORNCOPRODUCTS,ITA,Italy,2.0,2023,4
2023,4,23032000,10,325,AP,15,240151,810,810,2553,CORNCOPRODUCTS,GUF,French Guyana,0.81,2023,4
2023,5,23031000,10,369,PA,1,217800,125830,125830,18461,CORNCOPRODUCTS,IRQ,Iraq,125.83,2023,5
2023,6,23031000,10,431,PA,1,217800,183160,183160,27383,CORNCOPRODUCTS,LBN,Lebanon,183.16,2023,6
2023,1,23031000,10,586,PR,7,147700,486440,486440,109794,CORNCOPRODUCTS,PRY,Paraguay,486.44,2023,1
2023,6,23032000,10,169,SP,1,817800,3000,3000,4950,CORNCOPRODUCTS,COL,Colombia,3.0,2023,6
2023,9,23032000,10,023,SC,1,817800,62000,62000,640,CORNCOPRODUCTS,DEU,Germany,62.0,2023,9
2023,11,23031000,10,240,PA,1,217800,55600,55600,8310,CORNCOPRODUCTS,EGY,Egypt,55.6,2023,11
2023,5,23032000,10,607,SP,1,817800,12000,12000,12166,CORNCOPRODUCTS,PRT,Portugal,12.0,2023,5
2023,2,23032000,10,325,AP,9,240151,55,55,80,CORNCOPRODUCTS,GUF,French Guyana,0.055,2023,2
2023,3,23032000,10,169,SP,4,817700,2000,2000,3240,CORNCOPRODUCTS,COL,Colombia,2.0,2023,3
2023,5,23032000,10,063,SP,7,1017500,12000,12000,15960,CORNCOPRODUCTS,ARG,Argentina,12.0,2023,5
2023,4,23031000,10,059,PA,1,217800,180820,180820,24603,CORNCOPRODUCTS,DZA,Algeria,180.82,2023,4
2023,5,23032000,10,325,AP,9,240151,80,80,81,CORNCOPRODUCTS,GUF,French Guyana,0.08,2023,5
2023,4,23032000,10,169,SP,4,817700,2000,2000,3240,CORNCOPRODUCTS,COL,Colombia,2.0,2023,4
2024,3,23031000,10,369,PA,1,217800,79080,79080,11586,CORNCOPRODUCTS,IRQ,Iraq,79.08,2024,3
2024,12,23031000,10,240,PA,1,217800,76880,76880,9629,CORNCOPRODUCTS,EGY,Egypt,76.88,2024,12
2024,9,23031000,10,369,PA,1,217800,98900,98900,12959,CORNCOPRODUCTS,IRQ,Iraq,98.9,2024,9
2024,7,23032000,10,169,SP,1,817800,2000,2000,3360,CORNCOPRODUCTS,COL,Colombia,2.0,2024,7
2024,8,23031000,10,431,PA,1,217800,75020,75020,10098,CORNCOPRODUCTS,LBN,Lebanon,75.02,2024,8
2024,1,23032000,10,023,PR,1,817800,15000,15000,300,CORNCOPRODUCTS,DEU,Germany,15.0,2024,1
2024,2,23032000,10,169,SP,1,817800,2000,2000,3360,CORNCOPRODUCTS,COL,Colombia,2.0,2024,2
2024,12,23031000,10,369,PA,1,217800,145500,145500,18223,CORNCOPRODUCTS,IRQ,Iraq,145.5,2024,12
2024,10,23031000,10,369,PA,1,217800,101800,101800,12893,CORNCOPRODUCTS,IRQ,Iraq,101.8,2024,10
2024,4,23032000,10,770,AP,7,240151,926,926,1369,CORNCOPRODUCTS,SUR,Suriname,0.926,2024,4
2024,12,23033000,10,858,MT,1,817800,508870,508870,174266,CORNCOPRODUCTS,VNM,Vietnam,508.87,2024,12
2024,3,23031000,10,240,PA,1,217800,62300,62300,9142,CORNCOPRODUCTS,EGY,Egypt,62.3,2024,3
2024,10,23032000,10,195,SP,4,817600,4,4,1,CORNCOPRODUCTS,HRV,Croatia,0.004,2024,10
2024,5,23031000,10,240,PA,1,217800,72680,72680,10367,CORNCOPRODUCTS,EGY,Egypt,72.68,2024,5
2024,6,23031000,10,431,PA,1,217800,205870,205870,32127,CORNCOPRODUCTS,LBN,Lebanon,205.87,2024,6
2024,6,23031000,10,369,PA,1,217800,98220,98220,13808,CORNCOPRODUCTS,IRQ,Iraq,98.22,2024,6
2024,4,23031000,10,369,PA,1,217800,55960,40851,8218,CORNCOPRODUCTS,IRQ,Iraq,40.851,2024,4
2024,10,23031000,10,240,PA,1,217800,68940,68940,8928,CORNCOPRODUCTS,EGY,Egypt,68.94,2024,10
2024,8,23031000,10,369,PA,1,217800,241030,241030,32170,CORNCOPRODUCTS,IRQ,Iraq,241.03,2024,8
2024,9,23032000,10,195,SP,4,817600,28,28,6,CORNCOPRODUCTS,HRV,Croatia,0.028,2024,9
2024,11,23032000,10,169,SP,1,817800,2000,2000,3400,CORNCOPRODUCTS,COL,Colombia,2.0,2024,11
2024,4,23031000,10,431,PA,1,217800,154700,154700,26509,CORNCOPRODUCTS,LBN,Lebanon,154.7,2024,4
2024,8,23031000,10,403,PA,1,217800,105900,105900,13693,CORNCOPRODUCTS,JOR,Jordan,105.9,2024,8
2024,9,23032000,10,169,SP,1,817800,2000,2000,3360,CORNCOPRODUCTS,COL,Colombia,2.0,2024,9
2024,12,23032000,10,770,AP,7,240151,1000,1000,813,CORNCOPRODUCTS,SUR,Suriname,1.0,2024,12
2024,2,23031000,10,431,PA,1,217800,105440,105440,15791,CORNCOPRODUCTS,LBN,Lebanon,105.44,2024,2
2024,5,23032000,10,770,AP,7,240151,1080,1080,1050,CORNCOPRODUCTS,SUR,Suriname,1.08,2024,5
2024,11,23031000,10,369,PA,1,217800,52820,52820,6810,CORNCOPRODUCTS,IRQ,Iraq,52.82,2024,11
2024,12,23033000,10,365,MT,1,817800,1412550,1412550,388220,CORNCOPRODUCTS,IDN,Indonesia,1412.55,2024,12
2024,12,23031000,10,053,PA,1,217800,72740,72740,8737,CORNCOPRODUCTS,SAU,Saudi Arabia,72.74,2024,12
2024,5,23033000,10,365,MT,1,817800,1026000,1026000,277020,CORNCOPRODUCTS,IDN,Indonesia,1026.0,2024,5
2024,11,23033000,10,365,MT,1,817800,3902970,3902970,1070087,CORNCOPRODUCTS,IDN,Indonesia,3902.97,2024,11
2024,10,23031000,10,431,PA,1,217800,101030,101030,13087,CORNCOPRODUCTS,LBN,Lebanon,101.03,2024,10
2024,11,23031000,10,431,PA,1,217800,60990,60990,7864,CORNCOPRODUCTS,LBN,Lebanon,60.99,2024,11
2024,1,23032000,10,325,AP,0,240151,800,800,3210,CORNCOPRODUCTS,GUF,French Guyana,0.8,2024,1
2024,10,23032000,10,770,AP,7,240151,300,300,264,CORNCOPRODUCTS,SUR,Suriname,0.3,2024,10
2024,3,23032000,10,169,SP,1,817800,2000,2000,3360,CORNCOPRODUCTS,COL,Colombia,2.0,2024,3
2024,4,23033000,10,365,MT,1,817800,114000,114000,30780,CORNCOPRODUCTS,IDN,Indonesia,114.0,2024,4
2024,9,23032000,10,271,MS,4,817600,160,160,9,CORNCOPRODUCTS,FIN,Finland,0.16,2024,9
2024,9,23031000,10,431,PA,1,217800,67660,67660,8765,CORNCOPRODUCTS,LBN,Lebanon,67.66,2024,9
2024,5,23032000,10,169,SP,1,817800,2000,2000,3360,CORNCOPRODUCTS,COL,Colombia,2.0,2024,5
2024,2,23032000,10,770,AP,9,240151,140,140,142,CORNCOPRODUCTS,SUR,Suriname,0.14,2024,2
2024,8,23032000,10,770,AP,7,240151,660,660,588,CORNCOPRODUCTS,SUR,Suriname,0.66,2024,8
2024,12,23031000,10,431,PA,1,217800,62040,62040,7483,CORNCOPRODUCTS,LBN,Lebanon,62.04,2024,12
2024,5,23032000,10,023,ND,4,417901,150,150,6,CORNCOPRODUCTS,DEU,Germany,0.15,2024,5
2024,11,23031000,10,403,PA,1,217800,65530,65530,8373,CORNCOPRODUCTS,JOR,Jordan,65.53,2024,11
2024,3,23031000,10,431,PA,1,217800,62680,62680,12671,CORNCOPRODUCTS,LBN,Lebanon,62.68,2024,3
2024,12,23032000,10,023,ND,4,817600,325,325,325,CORNCOPRODUCTS,DEU,Germany,0.325,2024,12
2024,6,23031000,10,403,PA,1,217800,117080,117080,16748,CORNCOPRODUCTS,JOR,Jordan,117.08,2024,6
2024,6,23033000,10,365,MT,1,817800,1992600,1992600,466602,CORNCOPRODUCTS,IDN,Indonesia,1992.6,2024,6
2024,4,23032000,10,764,RJ,4,817600,100,100,500,CORNCOPRODUCTS,SWE,Sweden,0.1,2024,4
2024,7,23033000,10,365,MT,1,817800,56820,56820,13301,CORNCOPRODUCTS,IDN,Indonesia,56.82,2024,7
2024,7,23031000,10,369,PA,1,217800,215230,215230,28532,CORNCOPRODUCTS,IRQ,Iraq,215.23,2024,7
2024,9,23033000,10,365,MT,1,817800,422110,422110,120853,CORNCOPRODUCTS,IDN,Indonesia,422.11,2024,9
2024,4,23032000,10,607,SP,1,817800,12000,12000,12262,CORNCOPRODUCTS,PRT,Portugal,12.0,2024,4
2024,7,23031000,10,431,PA,1,217800,78750,78750,10507,CORNCOPRODUCTS,LBN,Lebanon,78.75,2024,7
2025,2,23032000,10,770,AP,7,240151,800,800,696,CORNCOPRODUCTS,SUR,Suriname,0.8,2025,2
2025,6,23032000,10,275,SP,4,817600,120,120,60,CORNCOPRODUCTS,FRA,France,0.12,2025,6
2025,3,23033000,10,647,MT,1,817800,141280,141280,52314,CORNCOPRODUCTS,DOM,Dominican Republic,141.28,2025,3
2025,6,23033000,10,858,MT,1,817800,508700,508700,141137,CORNCOPRODUCTS,VNM,Vietnam,508.7,2025,6
2025,6,23033000,10,365,MT,1,817800,3735630,3735630,950978,CORNCOPRODUCTS,IDN,Indonesia,3735.63,2025,6
2025,2,23033000,10,365,MT,1,817800,5363990,5363990,1436811,CORNCOPRODUCTS,IDN,Indonesia,5363.99,2025,2
2025,1,23032000,10,169,SP,1,817800,6000,6000,5880,CORNCOPRODUCTS,COL,Colombia,6.0,2025,1
2025,6,23031000,10,369,PA,1,217800,101000,101000,13985,CORNCOPRODUCTS,IRQ,Iraq,101.0,2025,6
2025,1,23031000,10,431,PA,1,217800,207930,207930,24842,CORNCOPRODUCTS,LBN,Lebanon,207.93,2025,1
2025,3,23031000,10,431,PA,1,217800,160090,160090,20228,CORNCOPRODUCTS,LBN,Lebanon,160.09,2025,3
2025,5,23031000,10,431,PA,1,217800,161070,161070,20665,CORNCOPRODUCTS,LBN,Lebanon,161.07,2025,5
2025,4,23031000,10,059,PA,1,217800,52140,52140,6623,CORNCOPRODUCTS,DZA,Algeria,52.14,2025,4
2025,3,23033000,10,365,MT,1,817800,905700,905700,237916,CORNCOPRODUCTS,IDN,Indonesia,905.7,2025,3
2025,4,23031000,10,369,PA,1,217800,87710,87710,11421,CORNCOPRODUCTS,IRQ,Iraq,87.71,2025,4
2025,3,23033000,10,858,MT,1,817800,1019500,1019500,279204,CORNCOPRODUCTS,VNM,Vietnam,1019.5,2025,3
2025,2,23033000,10,245,MT,1,817800,24300,24300,6819,CORNCOPRODUCTS,ESP,Spain,24.3,2025,2
2025,6,23031000,10,474,SP,1,812051,71700,71700,12994,CORNCOPRODUCTS,MAR,Morocco,71.7,2025,6
2025,1,23032000,10,770,AP,7,240151,1100,1100,905,CORNCOPRODUCTS,SUR,Suriname,1.1,2025,1
2025,3,23031000,10,403,PA,1,217800,118070,118070,15055,CORNCOPRODUCTS,JOR,Jordan,118.07,2025,3
2025,6,23031000,10,850,PA,1,217800,46760,46760,7505,CORNCOPRODUCTS,VEN,Venezuela,46.76,2025,6
2025,5,23033000,10,365,MT,1,817800,3280190,3280190,839543,CORNCOPRODUCTS,IDN,Indonesia,3280.19,2025,5
2025,3,23031000,10,474,PA,1,217800,67510,67510,8459,CORNCOPRODUCTS,MAR,Morocco,67.51,2025,3
2025,3,23033000,10,434,RJ,1,717600,240,240,215,CORNCOPRODUCTS,LBR,Liberia,0.24,2025,3
2025,5,23032000,10,607,SP,1,817800,12000,12000,12874,CORNCOPRODUCTS,PRT,Portugal,12.0,2025,5
2025,1,23033000,10,365,MT,1,817800,3781890,3781890,1047246,CORNCOPRODUCTS,IDN,Indonesia,3781.89,2025,1
2025,3,23033000,10,827,MT,1,817800,1935560,1935560,491985,CORNCOPRODUCTS,TUR,Turkey,1935.56,2025,3
2025,2,23033000,10,858,MT,1,817800,509310,509310,139465,CORNCOPRODUCTS,VNM,Vietnam,509.31,2025,2
2025,2,23033000,10,351,RJ,1,717800,25,25,15,CORNCOPRODUCTS,HKG,Hong Kong,0.025,2025,2
2025,6,23031000,10,240,PA,1,217800,100740,100740,13898,CORNCOPRODUCTS,EGY,Egypt,100.74,2025,6
2025,5,23031000,10,403,PA,1,217800,117150,117150,16693,CORNCOPRODUCTS,JOR,Jordan,117.15,2025,5
2025,6,23032000,10,063,SP,7,1017500,6000,6000,5940,CORNCOPRODUCTS,ARG,Argentina,6.0,2025,6
2025,3,23032000,10,169,SP,1,817800,6000,6000,5880,CORNCOPRODUCTS,COL,Colombia,6.0,2025,3
2025,4,23033000,10,365,MT,1,817800,6083510,6083510,1542803,CORNCOPRODUCTS,IDN,Indonesia,6083.51,2025,4
2025,5,23032000,10,770,AP,7,240151,1000,1000,884,CORNCOPRODUCTS,SUR,Suriname,1.0,2025,5
2025,3,23033000,10,628,MT,1,817800,28340,28340,6502,CORNCOPRODUCTS,GBR,United Kingdom,28.34,2025,3
2025,6,23031000,10,431,PA,1,217800,39550,39550,5812,CORNCOPRODUCTS,LBN,Lebanon,39.55,2025,6
2025,4,23032000,10,770,AP,7,240151,400,400,353,CORNCOPRODUCTS,SUR,Suriname,0.4,2025,4
2025,5,23032000,10,169,SP,1,817800,6000,6000,5880,CORNCOPRODUCTS,COL,Colombia,6.0,2025,5
2025,5,23033000,10,647,MT,1,817800,113460,113460,42061,CORNCOPRODUCTS,DOM,Dominican Republic,113.46,2025,5
2025,4,23031000,10,240,PA,1,217800,44000,44000,5560,CORNCOPRODUCTS,EGY,Egypt,44.0,2025,4
